customer_id,name,email,plan_type,monthly_charge,signup_date,last_login_date,support_tickets,tenure_days,churned
2299,Jack Carter,ashleytorres@example.net,basic,9.99,2025-05-18,2025-09-20,1,424,0
1591,Kim Beltran,fbradley@example.net,Pro ,39.99,2025-06-07,2025-12-08,2,404,0
2319,Philip Powell,zgomez@example.org,Pro,39.99,2026-05-28,2026-07-04,3,49,1
2067,Timothy Martinez,justinkline@example.org,PRO,39.99,2024-09-07,2026-04-01,0,677,0
1029,Marc Hart,jonesjason@example.com,Basic,9.99,2024-10-15,2025-05-26,1,639,1
2058,Natalie Smith,kimberly84@example.com,pro,39.99,2026-03-22,2026-04-21,1,116,1
1712,Scott Hunter,lbaker@example.com,BASIC,9.99,2025-09-19,2026-01-02,0,300,0
1453,Kenneth Martin,macdonalddylan@example.org,PRO,39.99,2025-01-11,2025-04-20,1,551,1
2647,Anthony Smith,ymoore@example.org,PREM,19.99,2025-12-20,2026-04-08,0,208,1
1757,Mr. Gary Mitchell DVM,longbrittany@example.org,pro,39.99,2026-02-20,2026-03-14,1,146,0
1941,Ashley Floyd,nicholasmcgrath@example.net,pro,39.99,2026-02-24,2026-07-05,2,142,0
1834,Isaiah Blake,brandonhull@example.net,Pro,39.99,2025-05-25,2025-05-27,0,417,0
1829,Douglas Morse,james94@example.net,PREM,19.99,2024-12-16,2026-07-04,0,577,0
1233,James Jacobs,russojacob@example.net,PRO,39.99,2025-12-04,2026-04-08,2,224,0
1788,Jeremy Hunter,mooremichael@example.org,Basic ,9.99,2024-10-09,2025-02-16,1,645,1
1706,Jesse Martinez,ocrawford@example.org,basic,9.99,2024-08-04,2026-01-10,2,711,1
1070,Bryan Lee,newtonstephanie@example.net,PRO,39.99,2024-11-21,2025-03-31,2,602,1
2121,Kelly Combs,brownmaria@example.net,Premium ,19.99,2024-09-27,2025-10-22,1,657,1
1128,Laura Aguirre,lynchdiane@example.net,pro,39.99,2025-01-18,2025-04-26,1,544,1
2537,Mark Gutierrez,sharon46@example.org,premium,19.99,2025-12-23,2025-12-31,1,205,1
1056,Sara Calhoun,meadowsbrittany@example.net,Basic,9.99,2024-08-02,2025-11-03,4,713,1
2514,Jacqueline Giles,wrobinson@example.net,Premium ,19.99,2025-04-26,2026-03-27,2,446,1
1619,Tina Davis,stephanie69@example.net,Premiun,19.99,2026-03-07,2026-04-19,0,131,1
2646,Brianna Price,mollyhodge@example.net,BASIC,9.99,2024-12-31,2025-10-01,0,562,0
2676,Angela Martin,millerjames@example.org,Premiun,19.99,2025-05-18,2026-06-01,1,424,0
1416,Antonio Mueller,karenjohnson@example.com,premium,19.99,2024-09-24,2026-04-19,0,660,1
1985,Heidi Torres,caldwellfelicia@example.org,Pro ,39.99,2025-03-03,2026-03-08,0,500,0
1874,Jason Paul,nfriedman@example.org,Pro ,39.99,2026-03-16,2026-04-22,1,122,1
2083,Gail Smith,zdavis@example.com,Basic ,9.99,2025-12-03,2026-02-02,0,225,1
2094,Christina Ross,ramirezfrank@example.com,PRO,39.99,2026-05-12,2026-06-18,0,65,0
2041,Jeffrey Morales,stewartwendy@example.com,pro,39.99,2024-12-10,,0,583,0
2310,Linda Evans,perkinsmichelle@example.org,Premium ,19.99,2025-11-30,2026-03-10,1,228,1
2006,Joshua Smith,garciakenneth@example.net,Pro,39.99,2026-03-27,2026-05-12,1,111,0
2826,Sheena Rodriguez,janet71@example.org,Pro ,39.99,2025-07-05,2025-12-05,0,376,1
2022,Amanda Potter,alexwall@example.net,Basic,9.99,2026-05-09,2026-06-08,0,68,0
2687,Elizabeth Jackson,rickey20@example.org,Pro,39.99,2026-03-22,2026-06-17,4,116,0
2703,Courtney Sanders,bcooper@example.net,Pro ,39.99,2024-10-20,2026-07-14,1,634,0
1342,Margaret Tanner,nsmith@example.org,pro,39.99,2025-11-12,2026-02-06,2,246,1
2813,Dustin Anderson,jackierichardson@example.com,Pro ,39.99,2025-12-02,2026-06-09,2,226,0
1450,Ricky Eaton,shawdon@example.org,Basic,9.99,2024-12-22,,1,571,0
2505,Arthur Hammond,jennifer73@example.com,PREM,19.99,2024-08-01,2025-02-11,0,714,1
2779,Abigail Williams,lauriewatson@example.org,Basic,9.99,2025-08-29,2026-06-06,3,321,0
2433,Andrew Jenkins,vanessamartinez@example.net,Premium ,19.99,2025-03-19,2026-06-17,0,484,0
1220,Elizabeth Johnson,lisa39@example.org,Basic ,9.99,2024-08-15,2025-04-13,3,700,1
1211,Christopher Stevens,jennifer05@example.com,Premium,19.99,2025-08-16,2026-04-25,1,334,1
1464,Justin Webb,becky62@example.net,PREM,19.99,2024-10-06,2025-03-03,2,648,1
1111,Leonard Holland,tblankenship@example.net,Pro,39.99,2025-04-26,2025-06-27,1,446,1
2829,Megan Griffin,fcarlson@example.org,Pro ,39.99,2024-12-05,2025-10-31,1,588,0
2317,Veronica Valdez,rchan@example.org,Premium ,19.99,2026-04-28,2026-06-04,2,79,0
2292,Susan Sanchez,smithantonio@example.net,Pro ,39.99,2025-04-25,2025-12-13,1,447,1
1289,Melissa Horn,brobinson@example.org,basic,9.99,2025-06-26,,0,385,0
1611,Nicholas Fisher,keith09@example.net,Pro ,39.99,2025-02-12,2026-03-26,0,519,1
2332,Gary White,shawn60@example.com,basic,9.99,2025-08-21,2025-08-23,1,329,1
1538,Allison Torres,christina79@example.org,Premium,19.99,2025-05-19,2026-06-13,1,423,0
1306,Logan Brown,davidzimmerman@example.net,Premium,19.99,2024-07-22,2025-07-16,0,724,1
1188,David Davis,sonia96@example.org,Pro ,39.99,2026-05-19,2026-07-10,0,58,0
2425,Adrian Hernandez,sandra57@example.org,Basic,9.99,2026-04-07,2026-04-12,5,100,1
2490,Tiffany Best,vincentmorris@example.net,pro,39.99,2025-10-27,2025-11-01,1,262,1
1482,Daniel Carpenter,michael42@example.net,Premium ,19.99,2025-01-14,2025-06-10,0,548,0
2608,Carly King,tuckervanessa@example.org,BASIC,9.99,2024-08-13,2024-11-19,1,702,1
1692,Alyssa Olsen,davidbenson@example.net,Premium,19.99,2024-12-20,2025-03-01,3,573,0
2557,Jasmine Lewis,boonericky@example.com,Pro ,39.99,2025-05-20,2026-03-27,3,422,1
1530,Thomas Navarro,laura27@example.net,Premium ,19.99,2025-11-18,2026-06-02,2,240,0
2791,Maria Thompson,mmcdaniel@example.com,basic,9.99,2026-01-17,2026-05-28,1,180,0
2293,James Logan,nicole81@example.net,PREM,19.99,2026-01-09,2026-05-10,1,188,1
2378,Annette Knapp,danielmelissa@example.com,pro,39.99,2025-03-23,,0,480,1
1535,Patrick Kelley,christopher86@example.net,Pro ,39.99,2024-10-14,2025-01-08,1,640,1
2575,Elijah Johnson,bgonzalez@example.org,PRO,39.99,2025-05-15,2026-02-11,3,427,1
2318,Elizabeth Thomas,jessica57@example.com,Basic,9.99,2025-05-08,2025-10-25,2,434,0
2283,Bonnie Lawson,davisjeffery@example.org,Premium,19.99,2025-08-18,2025-10-16,0,332,1
1239,Phillip Burns,umurray@example.com,Pro ,39.99,2024-11-10,2026-01-25,0,613,1
1367,Danny Clark,xpalmer@example.net,Pro,39.99,2024-07-21,2026-05-12,4,725,1
2720,Kara Sanders MD,bcompton@example.net,Pro ,39.99,2025-05-20,2026-04-01,2,422,1
2812,Melanie Garrett,sandraheath@example.net,Premiun,19.99,2025-10-23,2026-07-11,0,266,0
1721,James Weber,jpowers@example.org,basic,9.99,2026-03-23,2026-06-03,2,115,0
2914,Fred Ross,kelsey70@example.net,Pro ,39.99,2025-09-18,2026-01-06,0,301,0
2333,Alicia Perez,ohernandez@example.net,Basic,9.99,2025-10-30,2026-01-22,2,259,1
1599,Daniel Taylor,shermandonna@example.com,Basic ,9.99,2025-07-21,2025-12-08,0,360,0
2368,Crystal Gonzales,weaverchelsea@example.org,pro,39.99,2024-09-02,2026-07-01,1,682,0
2429,James Hart,hmack@example.org,Basic ,9.99,2025-12-30,2026-01-05,2,198,1
2629,Kristen Juarez,weberantonio@example.net,pro,39.99,2025-02-21,2025-07-30,1,510,1
1654,Leslie Hernandez,butlerbradley@example.com,Pro ,39.99,2025-12-10,2026-03-29,2,218,1
1532,Sean Kane,julieatkinson@example.org,Premium,19.99,2025-10-01,2026-04-01,2,288,1
1065,Karen Graham,marcus31@example.com,Basic,9.99,2026-03-24,2026-04-20,2,114,1
2983,Veronica Jones,nicholas90@example.org,Pro ,39.99,2025-08-26,2026-07-01,3,324,1
1124,Brandon Simmons,nicholas27@example.org,PRO,39.99,2024-09-16,2024-11-12,4,668,1
1100,Lisa Allen,jesselittle@example.com,premium,19.99,2025-01-09,2025-01-14,2,553,0
1900,Troy Williams DVM,davidthompson@example.net,Pro,39.99,2026-02-16,2026-07-05,1,150,0
1210,Jesse Davidson,ismall@example.net,Pro,39.99,2025-06-07,2025-08-23,1,404,1
2230,Heather Roberson,alyssa93@example.org,Premiun,19.99,2026-05-07,2026-07-04,1,70,0
2523,Claire Jenkins,suttonbrittney@example.net,PREM,19.99,2026-01-12,2026-07-04,0,185,0
2181,Jose Moreno,wstrong@example.org,basic,9.99,2025-04-22,2025-12-28,1,450,1
1905,Larry Jones,jennifergonzalez@example.org,pro,39.99,2024-07-17,2026-04-06,2,729,1
1939,Anne Morris,hornjenna@example.com,Premium,19.99,2025-10-16,2026-03-22,1,273,0
2851,Mary Williams,chapmanjerome@example.org,Premiun,19.99,2025-01-12,2026-03-22,1,550,1
2978,Megan Fitzgerald,andersoncynthia@example.org,Basic,9.99,2025-01-24,2026-02-12,1,538,1
1519,Christina Washington,johnsondarlene@example.com,Pro ,39.99,2025-10-18,2026-03-09,2,271,1
1471,Brandon Mitchell,michael43@example.net,Premium ,19.99,2026-05-20,2026-06-14,3,57,0
1705,Rebecca Harding,thomas96@example.com,Premiun,19.99,2025-07-07,,1,374,0
2493,Lisa Baker,william23@example.net,basic,9.99,2025-01-10,2025-04-28,3,552,1
1746,Roger Acosta,robertortiz@example.org,BASIC,9.99,2024-08-04,2026-06-29,1,711,0
1196,Linda Romero,terickson@example.com,pro,39.99,2026-02-06,2026-04-05,3,160,1
1630,Robin Jones,aaronfinley@example.com,Premiun,19.99,2024-10-07,2025-09-18,0,647,0
1184,Scott Miller,debra96@example.net,Premium,19.99,2025-10-05,2026-02-23,3,284,1
1486,Kelly Le,jevans@example.net,Basic,9.99,2024-08-17,2024-10-25,1,698,1
1297,Jessica Bowen,samanthajensen@example.com,BASIC,9.99,2026-03-08,2026-03-19,1,130,1
2954,Melissa Wolf,joneskevin@example.net,PREM,19.99,2026-04-12,2026-07-11,1,95,0
2785,Rose Mclaughlin,marymartinez@example.net,PREM,19.99,2024-10-23,2026-04-06,1,631,0
2758,Ryan Hood Jr.,troybrady@example.net,basic,9.99,2025-07-22,2026-03-23,1,359,1
2820,Courtney Page,antonio01@example.org,Basic,9.99,2025-09-19,2026-06-18,1,300,0
1485,Robert Rodgers,lshaffer@example.com,Basic ,9.99,2025-06-29,2026-07-14,1,382,0
2385,Brianna Peterson,randy61@example.net,Premiun,19.99,2026-02-05,2026-06-27,0,161,0
2262,Christopher Hernandez,paul70@example.com,PRO,39.99,2026-05-16,,0,61,1
2677,Amy Mccoy,ballvanessa@example.com,basic,9.99,2025-04-06,2025-05-29,3,466,1
1411,Sydney Farmer,raymond54@example.com,PREM,19.99,2026-01-29,2026-02-21,1,168,1
1495,David Mitchell,davidroberson@example.org,PREM,19.99,2024-08-08,2025-04-17,0,707,0
1720,Karen Clark,pearsonkevin@example.com,Basic ,9.99,2025-05-14,2025-12-31,1,428,1
1316,Matthew Sweeney,dalton83@example.com,PRO,39.99,2025-06-24,,3,387,1
1759,Marcus Chavez,jasonwilliams@example.net,basic,9.99,2025-01-29,,3,533,1
2222,Daniel Rivera,frankespinoza@example.com,Premium,19.99,2024-07-21,2025-05-18,1,725,0
1807,Bryan Bailey PhD,tolson@example.net,Premium ,19.99,2025-05-27,2025-10-14,1,415,1
1069,Matthew Wood,ronald85@example.com,PRO,39.99,2025-11-18,2026-01-22,0,240,1
1212,Scott Prince,frobertson@example.com,Pro,39.99,2025-10-26,2025-12-13,1,263,1
2702,Brandi Brown,cassandra18@example.net,PREM,19.99,2026-01-06,2026-03-01,0,191,0
1065,Karen Graham,marcus31@example.com,Basic,9.99,2026-03-24,2026-04-20,2,114,1
1529,Henry Taylor,pamela33@example.com,PRO,39.99,2026-02-02,2026-02-17,1,164,1
2322,Nathan Harrison,harringtonpeter@example.net,PRO,39.99,2025-06-20,2025-10-07,0,391,1
2671,Michelle Velasquez,holmesamber@example.org,basic,9.99,2026-01-25,2026-03-07,1,172,1
1382,Kiara Smith,simsjohn@example.net,Premiun,19.99,2026-03-20,2026-04-25,0,118,1
1099,James Thomas,yknight@example.org,PRO,39.99,2024-11-10,2024-12-28,0,613,1
1832,Sierra Daniel,james08@example.net,Premium,19.99,2025-01-08,2025-11-14,2,554,0
1247,Anna Rice,hallrachel@example.net,pro,39.99,2026-03-28,2026-05-19,2,110,0
2883,Kyle David,agalvan@example.com,PRO,39.99,2025-05-23,,0,419,1
2998,Wendy Nelson,mvelazquez@example.net,PRO,39.99,2025-04-08,2026-04-17,1,464,0
1128,Laura Aguirre,lynchdiane@example.net,pro,39.99,2025-01-18,2025-04-26,1,544,1
2270,Andrew Rodriguez,schmidtrandy@example.org,basic,9.99,2024-09-11,2024-11-13,0,673,1
2802,Jose Lopez,zglass@example.org,Premium ,19.99,2024-12-03,2025-05-16,1,590,1
2333,Alicia Perez,ohernandez@example.net,Basic,9.99,2025-10-30,2026-01-22,2,259,1
1949,Catherine Peters,david29@example.org,Basic,9.99,2025-10-14,2025-11-07,3,275,1
1548,Chad Blair,robertberry@example.com,basic,9.99,2026-05-25,2026-07-11,0,52,0
1543,Matthew Smith,qguerrero@example.net,Premiun,19.99,2025-03-24,2025-05-14,2,479,0
2412,Nicole Duncan,daniellestevenson@example.net,Basic ,9.99,2024-08-03,2026-06-22,2,712,0
1438,Kevin Lynn,david31@example.com,Premium ,19.99,2025-09-21,2026-06-16,0,298,0
2601,Melissa Patrick,stephanie44@example.net,Pro,39.99,2025-11-20,2026-02-23,0,238,0
2284,Richard Navarro,wpierce@example.org,Premium,19.99,2025-05-03,2026-01-21,2,439,0
1299,Danielle Burke,kimberly04@example.org,Premiun,19.99,2025-07-12,2026-01-16,1,369,1
1962,Vanessa Zimmerman,erikabarnes@example.com,Premiun,19.99,2024-11-20,,0,603,1
1514,Andrew Mann,amy73@example.net,Premium ,19.99,2024-11-22,2025-06-18,4,601,1
2335,Alexander Guzman,chanamber@example.org,PREM,19.99,2025-03-01,2025-08-06,2,502,1
2285,Jack Garcia,wayne86@example.org,Premium ,19.99,2026-03-08,2026-05-11,1,130,0
2078,Richard Martinez,haley53@example.com,premium,19.99,2025-08-16,2025-12-01,0,334,0
1429,Natalie Graham,burgesseric@example.com,Pro ,39.99,2025-11-28,2025-12-06,0,230,1
1321,Randy Hayes,hbaker@example.org,PRO,39.99,2024-11-02,2026-01-02,1,621,0
1427,Katelyn Phillips,lukemiller@example.org,Pro ,39.99,2024-11-09,2026-06-19,1,614,0
2316,Christine Powers,eric62@example.org,pro,39.99,2025-09-15,2025-11-01,0,304,1
1812,Kelly Christensen,martinezsharon@example.org,Basic,9.99,2026-05-19,2026-06-03,2,58,0
1940,John Merritt,jefferygoodman@example.net,Premium,19.99,2025-10-13,2026-01-20,1,276,1
2233,Tammie Lee,harold03@example.com,basic,9.99,2025-03-24,2025-06-25,2,479,0
1275,Hannah Bruce,lisamccarthy@example.com,Premiun,19.99,2026-04-19,2026-06-09,0,88,0
1254,James Ward,smithkyle@example.com,Premium ,19.99,2025-12-29,2026-01-18,1,199,0
2564,Sarah Werner,brandon31@example.net,Premiun,19.99,2026-04-17,,5,90,1
2054,Ryan Barker,swalters@example.net,pro,39.99,2026-05-02,2026-07-08,0,75,1
1922,Isabella Montgomery,qrobertson@example.org,pro,39.99,2024-07-17,,4,729,1
2769,Roy Cook,josephjohnson@example.com,Pro,39.99,2024-12-09,2025-06-06,0,584,0
1964,Jennifer Edwards,walterschase@example.org,pro,39.99,2026-05-07,2026-05-18,2,70,0
1432,Ryan Howard,robertsgina@example.net,PRO,39.99,2024-09-13,2026-02-08,0,671,0
1937,Shannon Luna,tracey20@example.net,BASIC,9.99,2025-04-15,2025-10-25,0,457,1
1786,Jessica Bryant,villegaskimberly@example.net,Premium,19.99,2026-01-13,,1,184,1
1693,Blake Vazquez,joneskim@example.com,basic,9.99,2024-08-13,2024-10-27,0,702,0
1849,Erin Singh,richardmckenzie@example.org,BASIC,9.99,2025-03-25,2025-04-29,3,478,1
1944,Michael Pope,stricklandmichelle@example.net,PREM,19.99,2025-04-08,2026-01-26,0,464,1
2619,Matthew Powers,bmartin@example.org,Pro,39.99,2025-12-07,2026-02-24,1,221,0
1561,Matthew Davis,whitebrenda@example.net,Premiun,19.99,2025-08-01,2025-12-16,0,349,1
2144,Jeanette Howard,tammyjones@example.net,BASIC,9.99,2024-12-30,2025-10-17,2,563,1
1305,Melanie Jones,pblair@example.org,PREM,19.99,2025-01-02,2026-06-03,2,560,0
2187,Tony Khan,russellramirez@example.net,Premium ,19.99,2025-02-20,2025-08-16,0,511,0
2566,Thomas Perez,garrett13@example.org,pro,39.99,2025-09-22,2026-03-11,2,297,0
1607,Darius Coleman,lanemelanie@example.org,Pro ,39.99,2025-11-25,2026-01-26,2,233,1
1115,Maria Brown,james17@example.org,PRO,39.99,2025-10-21,2026-04-10,5,268,0
2716,Laura Bennett,maria99@example.net,basic,9.99,2025-12-07,,2,221,0
1231,Darin Mathews,lindamelendez@example.net,Premiun,19.99,2025-04-29,2025-10-30,2,443,0
2878,Brian Chen,jeremy00@example.net,Basic ,9.99,2026-04-28,2026-05-31,1,79,1
2831,Jessica Hernandez,brenda83@example.org,Pro ,39.99,2025-11-16,2026-03-10,0,242,1
2724,Bridget Guerrero,bowerspatrick@example.com,PREM,19.99,2025-03-13,2026-01-15,0,490,1
1982,Anthony Russell,isabel33@example.com,BASIC,9.99,2025-05-09,2025-06-04,1,433,0
1752,Tammy Campbell,chloe48@example.com,Premium,19.99,2025-05-16,2025-07-25,1,426,0
1610,Toni Miller,chloe58@example.org,BASIC,9.99,2025-06-08,2025-12-31,0,403,0
1534,Jeremy Larson,walkerkeith@example.com,Premium ,19.99,2024-10-26,2025-05-25,3,628,1
2488,Maria Foster,amydavis@example.org,PREM,19.99,2025-05-24,2025-07-11,0,418,1
1650,Daniel Lynch,paultaylor@example.net,pro,39.99,2024-11-27,2025-06-28,0,596,1
2922,Brenda Phillips,kristendavis@example.net,PRO,39.99,2026-01-24,2026-05-15,0,173,1
1943,Jennifer Johnson,randyturner@example.net,Basic ,9.99,2026-05-14,2026-06-24,1,63,0
2302,Kelly Gray,hwong@example.com,Premium ,19.99,2024-11-14,2026-05-14,0,609,0
2775,Chad Rivera,ubutler@example.net,Basic ,9.99,2025-07-04,2026-04-28,0,377,0
1433,James Guerrero,omoore@example.org,pro,39.99,2025-12-19,2026-06-03,0,209,0
1120,Theresa Williams,stephen00@example.com,Pro,39.99,2026-02-28,2026-04-27,2,138,0
2393,Amy Forbes,castroangelica@example.org,premium,19.99,2026-04-03,2026-05-22,2,104,1
2755,Matthew Davis,joestephens@example.com,Pro ,39.99,2025-04-14,2025-07-12,1,458,0
2454,Katherine Adams,fsellers@example.net,Premium ,19.99,2026-04-15,2026-07-03,1,92,0
2040,Hannah Mcdonald,lrodriguez@example.net,Pro ,39.99,2024-09-28,2026-06-19,1,656,0
2476,Stephanie Sheppard,jeanlynch@example.org,Pro,39.99,2025-06-22,2025-12-21,0,389,0
2548,Keith Medina,jonathanjones@example.org,Pro,39.99,2026-05-22,2026-07-05,2,55,0
1135,Justin Barnett,charles06@example.org,Premiun,19.99,2025-06-01,,2,410,1
2694,Cynthia Hendricks,taraholloway@example.org,premium,19.99,2026-02-14,2026-03-25,0,152,1
1755,Nathan Hernandez,clayton42@example.org,PREM,19.99,2025-12-21,2026-06-09,1,207,0
1993,Rachel Gibson,kevin34@example.net,basic,9.99,2025-01-18,2025-03-23,0,544,1
1554,Michael Woods,xjoseph@example.org,BASIC,9.99,2026-03-03,2026-05-08,0,135,0
1694,Kayla Brown,kerrbradley@example.com,Basic ,9.99,2025-10-25,2026-05-12,0,264,0
2193,Courtney Jones,williamhill@example.net,PREM,19.99,2025-12-11,2026-05-05,1,217,0
2741,Dustin Brown,qharris@example.org,Premiun,19.99,2025-04-19,2025-12-16,1,453,1
1886,Kim Ramos,copelandlisa@example.net,Premium,19.99,2025-10-21,2026-04-15,1,268,1
1109,Regina Diaz,ismith@example.org,Basic ,9.99,2025-05-29,2026-03-02,2,413,1
2442,Heather Manning,kylejones@example.net,Premium ,19.99,2026-04-12,2026-06-06,0,95,0
2892,Sean Peters,ecohen@example.com,Pro ,39.99,2025-03-19,2025-03-25,1,484,0
1756,Mary Lewis,foxashley@example.com,premium,19.99,2026-04-20,2026-05-11,2,87,0
1588,Joshua Dunn,donald49@example.org,Pro ,39.99,2024-11-11,2025-05-20,1,612,1
1237,Jacqueline Gutierrez,joycesmith@example.net,Premium ,19.99,2026-04-30,2026-06-13,4,77,0
2857,Joshua Martinez,josephross@example.net,Premiun,19.99,2025-07-01,2026-02-19,1,380,0
2160,Hannah Johnson,sandra49@example.org,Basic ,9.99,2025-12-27,2026-03-05,1,201,0
1063,Dr. Hannah Patterson,casey50@example.com,Basic,9.99,2026-02-10,2026-02-26,0,156,1
1792,George Morales,ryanlong@example.org,Premium,19.99,2025-10-20,2026-04-10,1,269,1
1909,David Woods,crystal02@example.com,PREM,19.99,2025-09-11,2026-06-28,0,308,0
2953,Christina Merritt,smithmichael@example.org,basic,9.99,2026-03-21,2026-05-10,1,117,1
1281,Reginald Morrow,amber07@example.net,PRO,39.99,2024-12-14,2025-08-17,2,579,0
1818,Debra Flores,bjones@example.com,Basic ,9.99,2025-10-01,2026-06-21,0,288,0
2599,Derek Carter PhD,deckerjustin@example.org,Pro ,39.99,2025-06-03,2026-05-16,1,408,0
1990,Kathy Johnson,heather24@example.org,pro,39.99,2026-05-15,2026-05-18,1,62,1
1324,Riley Martinez,greertoni@example.org,Premium ,19.99,2024-11-30,2025-07-25,0,593,1
2273,Ashley Hunt,morgandana@example.com,Pro ,39.99,2025-05-06,2025-05-15,5,436,1
2177,Suzanne Valdez,shanebarnes@example.net,pro,39.99,2026-02-14,2026-07-13,1,152,1
2959,Michael Downs,andrewlong@example.com,Premiun,19.99,2025-04-04,2026-05-05,2,468,1
2980,Amanda Frank,wesleybutler@example.org,Basic,9.99,2025-04-26,2025-10-19,0,446,0
2483,Jeremy Edwards,stephen39@example.com,PREM,19.99,2025-01-30,2025-12-08,1,532,0
2370,Michael Glenn,oblake@example.net,basic,9.99,2024-09-25,2026-07-14,0,659,0
2352,Mary Meyer,kathleen25@example.com,Premium ,19.99,2025-04-03,2025-06-10,0,469,1
1251,Jeffrey Roberson,cassie99@example.com,Premium ,19.99,2026-05-24,2026-06-10,3,53,0
2120,Marc Yoder,brian62@example.com,Premium ,19.99,2025-10-27,2026-02-25,1,262,0
2618,Alexis Jordan,deborah70@example.org,Basic ,9.99,2024-10-13,2026-02-05,1,641,1
1614,Christopher Vargas,donnawood@example.org,Basic ,9.99,2025-01-13,2026-02-01,2,549,0
1570,Matthew Graves,tammycurry@example.com,PREM,19.99,2026-04-28,2026-05-05,1,79,1
2450,Sydney Burns,brettallen@example.com,Premium,19.99,2025-01-15,2026-07-13,1,547,0
2873,Elizabeth Taylor,harold46@example.com,Pro ,39.99,2025-11-04,2026-01-12,2,254,1
1298,Paul Lawrence,bbell@example.com,Premium ,19.99,2026-01-19,2026-03-04,3,178,1
1121,Micheal Wallace,morriseddie@example.org,Basic ,9.99,2025-01-23,2025-12-30,3,539,1
2580,Carol Gay,juliehoffman@example.org,premium,19.99,2024-08-01,2025-01-04,0,714,0
1023,Carol Tucker,michellebarrera@example.org,PRO,39.99,2025-04-06,2026-07-09,1,466,0
1354,Lisa Martinez,kthompson@example.org,BASIC,9.99,2026-01-31,2026-02-20,1,166,1
1857,James Khan,victor72@example.com,basic,9.99,2025-11-25,2026-03-27,3,233,1
2007,Danny Perez,phernandez@example.com,BASIC,9.99,2024-12-20,2026-05-07,2,573,1
2179,William Johnston,rachelwalter@example.org,PRO,39.99,2024-11-08,2025-07-23,1,615,1
1544,Stephen Hughes,tromero@example.org,pro,39.99,2026-04-08,2026-05-25,0,99,1
1572,Denise Rose,heathersalazar@example.org,basic,9.99,2025-08-18,2026-07-09,5,332,1
1613,Jonathan York,johnathan94@example.com,BASIC,9.99,2026-03-07,2026-03-08,2,131,1
1049,Ryan Bryant,jcontreras@example.net,Pro ,39.99,2025-02-22,2026-03-13,1,509,1
1173,Holly Reyes,jacobserika@example.com,Premium ,19.99,2025-04-01,2026-03-26,0,471,0
2731,Amy Russell,michelleboyd@example.net,Premium ,19.99,2026-05-10,2026-06-22,0,67,0
1480,Diana Walker,brianlloyd@example.com,Pro ,39.99,2026-05-03,2026-05-05,0,74,1
1733,Alisha Rasmussen,skinnereileen@example.org,pro,39.99,2025-11-10,2026-05-24,0,248,1
2567,Shelby Delacruz,keithharrison@example.com,BASIC,9.99,2026-04-02,2026-04-26,2,105,1
1478,Luke Moore,wilsonchristian@example.net,Basic ,9.99,2025-06-24,2025-06-26,5,387,1
2164,Heidi Hopkins,martinezashley@example.com,PRO,39.99,2026-02-20,2026-06-23,2,146,0
2380,Patricia Martin,joy52@example.com,PRO,39.99,2026-03-06,2026-04-19,1,132,1
2884,Jennifer Baker MD,ujones@example.org,Pro ,39.99,2026-04-19,2026-04-23,2,88,1
2710,Catherine Armstrong,fsims@example.com,Basic ,9.99,2025-12-31,2026-05-06,1,197,0
2874,Shannon Austin,djimenez@example.com,Basic,9.99,2026-01-18,2026-03-05,1,179,0
2699,Kelly Smith,jasonjohnson@example.org,BASIC,9.99,2025-08-29,2025-12-14,4,321,1
1741,Michael Serrano,james65@example.org,PRO,39.99,2025-04-16,2025-10-05,1,456,1
2917,Kaitlyn Cooley,eharrington@example.com,PRO,39.99,2024-08-05,2026-02-26,1,710,1
2113,Harold Flowers,kingmichael@example.com,Basic ,9.99,2026-01-15,2026-04-16,2,182,0
1256,Sharon Smith,fhughes@example.net,Pro,39.99,2026-04-06,2026-07-06,2,101,0
1366,Nicole Barker,anthony02@example.net,premium,19.99,2026-01-11,2026-02-19,1,186,0
1368,Lindsay Smith,charlene44@example.com,Premium,19.99,2026-04-02,2026-06-30,1,105,0
2817,William Conrad,nmartinez@example.org,PREM,19.99,2025-06-15,2026-01-21,1,396,0
2323,Jaime Garcia,joshua57@example.com,Pro ,39.99,2024-09-30,2024-12-26,1,654,1
2379,Heather Sheppard,sean05@example.com,PRO,39.99,2025-11-16,,2,242,0
2988,Elizabeth Johnson,mmyers@example.net,pro,39.99,2025-02-14,2026-03-19,2,517,1
1838,Kyle Gonzales,garrettbeth@example.org,basic,9.99,2026-05-28,2026-07-11,3,49,0
1056,Sara Calhoun,meadowsbrittany@example.net,Basic,9.99,2024-08-02,2025-11-03,4,713,1
1307,Joseph Carson,gary24@example.net,Premium,19.99,2026-03-27,2026-06-20,0,111,0
1785,Patricia Hawkins,melissarusso@example.net,Pro ,39.99,2025-10-26,2026-04-29,1,263,1
2114,Kristina Mckay,douglas36@example.net,PREM,19.99,2026-04-18,2026-05-13,1,89,0
2536,Andrea Estrada,michellejones@example.net,BASIC,9.99,2026-06-07,2026-06-09,0,39,0
2431,Paul Vega,michael77@example.org,Pro ,39.99,2025-05-28,2026-05-27,2,414,1
1893,Carolyn Haley,tina62@example.com,Pro ,39.99,2024-11-14,2026-02-20,2,609,1
1270,Michael Flores,bradley10@example.com,PRO,39.99,2025-10-11,2026-04-17,1,278,0
2990,Jeffrey Flowers,phillipsdylan@example.org,Premium ,19.99,2026-01-16,2026-05-16,1,181,0
2467,Thomas Mathis,dford@example.com,basic,9.99,2024-10-29,2026-02-02,0,625,1
2507,Katherine Hall,mitchellchristopher@example.com,basic,9.99,2025-05-30,2025-12-10,0,412,0
2736,David Pineda,michael23@example.com,basic,9.99,2026-04-17,2026-05-23,3,90,1
1964,Jennifer Edwards,walterschase@example.org,pro,39.99,2026-05-07,2026-05-18,2,70,0
1025,Daniel Brown,adkinsbrian@example.net,Basic ,9.99,2025-06-13,2026-06-13,0,398,1
2498,Miss Carmen Vasquez,laura31@example.net,Premiun,19.99,2024-09-28,2024-09-28,0,656,0
1078,Michele Gibson,sandrafrench@example.net,Pro,39.99,2025-08-31,2026-05-14,0,319,1
1976,John Ortega,david78@example.com,Pro,39.99,2026-01-25,2026-05-27,2,172,0
1032,Denise Jacobs,james48@example.com,Premium ,19.99,2025-01-06,2026-05-25,0,556,1
2234,Erin Bartlett,wesley09@example.com,PREM,19.99,2024-08-07,2025-02-17,0,708,0
2063,Lori Green,stacyharris@example.org,Pro ,39.99,2024-08-01,2024-08-09,2,714,1
1422,Timothy Gilbert,tracy98@example.com,PRO,39.99,2024-09-04,2025-12-29,1,680,0
1393,Christopher Williams,michael56@example.net,Pro ,39.99,2024-10-04,2026-04-10,0,650,0
1163,Alicia Marks,reidtina@example.com,BASIC,9.99,2025-12-20,2026-03-04,1,208,1
1203,Mikayla Roberts,zhuang@example.com,Basic,9.99,2026-05-14,2026-07-03,1,63,0
1777,Mrs. Jennifer Palmer DDS,dhall@example.net,Basic,9.99,2024-07-28,2025-09-14,1,718,0
2326,Michelle Edwards,rebecca73@example.org,Premium ,19.99,2025-02-24,2025-06-19,1,507,1
1618,Jeanette Baker,zsmith@example.com,PREM,19.99,2025-04-08,2025-09-01,0,464,1
1974,Debra Mayo,wmartin@example.net,PREM,19.99,2025-05-14,2025-10-14,3,428,1
1808,Ruben Bass,kathleenwagner@example.com,Basic,9.99,2025-12-30,2026-05-11,4,198,1
1420,Christopher Fleming,sydneymoss@example.org,basic,9.99,2025-04-05,2025-10-22,0,467,0
2609,Kathleen Ramirez,jenniferbutler@example.org,Premium ,19.99,2025-09-30,2026-04-23,0,289,0
2357,Mary Barnett,kathryn41@example.com,Pro,39.99,2025-05-09,2025-05-20,3,433,1
2778,Jonathan Torres,poncelisa@example.com,Premiun,19.99,2026-06-04,2026-06-05,1,42,0
1774,Kimberly Miller,bhernandez@example.org,Basic ,9.99,2024-10-04,2026-05-13,3,650,1
2419,Richard King,simsrandall@example.net,Premium ,19.99,2026-01-02,2026-01-27,0,195,1
1218,Joshua Wagner,franklinbond@example.com,Basic ,9.99,2024-10-04,2025-02-14,1,650,0
1353,Laura Young,christian08@example.net,Basic ,9.99,2026-04-06,2026-06-25,1,101,0
2690,Jamie Perez,matthew24@example.org,basic,9.99,2026-05-17,2026-07-10,1,60,1
1925,Charles Meyer,andersonlaura@example.com,premium,19.99,2026-02-17,2026-07-15,1,149,1
2259,Gabriel Campbell,icarlson@example.org,Basic,9.99,2025-03-14,2026-02-04,0,489,1
2897,Michael Ward,ronald83@example.net,PREM,19.99,2026-03-22,2026-06-09,3,116,0
1059,Rachael Pearson,herringjames@example.org,Premium,19.99,2025-09-22,2025-12-01,2,297,1
2594,Shawn Vasquez,zchapman@example.com,Pro,39.99,2026-03-01,2026-04-09,1,137,1
1710,Samuel Ramos,johnsonangela@example.com,Basic,9.99,2026-03-26,2026-04-13,3,112,1
2211,Dale Baker,bbennett@example.org,BASIC,9.99,2024-12-17,2025-08-08,2,576,1
1073,Adam Mitchell,lalexander@example.org,Basic,9.99,2025-01-07,2026-04-30,0,555,1
1162,Cynthia Butler,millsmichael@example.net,PREM,19.99,2025-07-30,2026-05-02,2,351,0
1350,Martin Hughes,nicole52@example.com,Basic,9.99,2024-08-15,2025-06-18,0,700,1
1555,Corey Johnson,schaeferstephanie@example.org,PRO,39.99,2025-12-16,2026-07-13,1,212,0
1585,Julia Reeves,smithsarah@example.net,Basic,9.99,2026-02-28,2026-06-28,1,138,0
1628,Paula Smith,ohernandez@example.org,pro,39.99,2026-04-29,2026-06-19,0,78,0
2301,Adam Diaz,kwoods@example.com,Pro,39.99,2025-10-08,2026-03-21,0,281,1
1351,Russell Elliott,karencontreras@example.org,Pro,39.99,2025-10-25,2026-05-26,2,264,1
1045,Richard Lawson,steven73@example.net,pro,39.99,2025-06-11,2026-06-06,1,400,1
2727,Patricia Atkinson,connie00@example.org,Pro ,39.99,2025-06-14,2025-09-10,0,397,1
1381,Jeffrey Woods,johnsonjames@example.com,Pro,39.99,2026-05-11,2026-07-08,1,66,0
2118,Kathy Jennings,taylor67@example.com,Basic,9.99,2026-05-19,2026-06-14,2,58,0
1581,Miss Sarah Duncan,hlopez@example.com,PRO,39.99,2025-11-20,2026-02-02,1,238,0
1076,Keith Brown,mezajared@example.org,PRO,39.99,2025-01-16,2025-03-01,1,546,0
2986,Isabella Randall,wstevens@example.org,BASIC,9.99,2025-04-09,2026-02-27,2,463,1
2464,Jessica Craig,vsmith@example.net,basic,9.99,2024-09-14,2025-10-13,0,670,0
2103,Michael Castaneda,tara90@example.com,Pro ,39.99,2026-03-18,2026-05-13,1,120,1
2005,Stephanie Ochoa,martin23@example.org,Basic,9.99,2025-07-30,,1,351,1
2664,Joel Stanley,christinejohnson@example.net,BASIC,9.99,2026-04-14,2026-05-02,1,93,0
2061,Jennifer Williams,oanderson@example.com,Pro ,39.99,2026-05-30,2026-06-07,0,47,0
2964,Kristi Gutierrez,john21@example.org,Pro,39.99,2025-04-09,2025-10-31,0,463,0
1030,David Mitchell,tbass@example.com,PREM,19.99,2025-09-16,2026-07-12,0,303,0
2303,Travis Peterson,jamie24@example.net,Basic ,9.99,2026-01-10,2026-06-06,0,187,0
2565,Michael Williams,foxjonathan@example.org,Basic,9.99,2025-02-05,2026-05-02,0,526,0
1414,Lauren Bender,icraig@example.com,BASIC,9.99,2026-03-21,2026-05-09,3,117,1
2292,Susan Sanchez,smithantonio@example.net,Pro ,39.99,2025-04-25,2025-12-13,1,447,1
2571,Richard Ford,hthompson@example.net,Premium,19.99,2025-01-04,2025-12-27,2,558,1
2169,Ryan Atkinson,burkemichael@example.org,pro,39.99,2025-07-04,2025-08-15,0,377,1
1986,Richard Rice,john43@example.net,Basic,9.99,2025-04-09,2026-05-24,1,463,1
2683,Miguel Weber,russelljohn@example.net,basic,9.99,2026-03-06,2026-05-18,2,132,1
2620,Donna Cuevas,joneseric@example.org,pro,39.99,2026-03-04,2026-03-04,2,134,1
2708,Amy Dyer,peter91@example.org,Pro,39.99,2025-04-11,2026-02-20,0,461,0
2626,Matthew Durham,dgrant@example.com,PREM,19.99,2025-02-25,2025-08-30,2,506,1
1344,Ashley Mendoza,franciscojones@example.org,Pro,39.99,2025-02-06,2025-07-23,2,525,0
1044,Todd Byrd,christinaturner@example.net,basic,9.99,2026-02-18,2026-04-03,3,148,1
1948,Katherine Stone,molinajared@example.net,PREM,19.99,2026-04-04,2026-04-22,3,103,1
1168,Denise Lloyd,vpreston@example.com,Basic,9.99,2026-04-02,2026-05-12,3,105,1
1303,Micheal Wang,fmiles@example.net,PREM,19.99,2025-07-25,2026-03-01,1,356,1
1361,Roger Adams,fjacobs@example.org,Pro ,39.99,2025-05-20,2026-06-09,1,422,0
2334,Maurice Carrillo,patricia92@example.org,pro,39.99,2026-01-07,2026-02-15,2,190,0
1352,Peter Perez,randallloretta@example.com,Premium ,19.99,2026-05-21,2026-06-28,2,56,0
2995,David Avery,lambjohn@example.org,Premium,19.99,2025-11-21,2026-02-15,1,237,1
2138,Tammy Morris,ogray@example.net,premium,19.99,2025-08-08,2025-10-13,3,342,0
2465,Heather Becker,carrolljessica@example.com,Premiun,19.99,2025-05-26,2026-03-30,2,416,0
1704,Jennifer Hall,rhardy@example.net,Premium,19.99,2026-01-02,2026-04-27,0,195,0
2908,Brandon Brown,rachaelroberts@example.com,premium,19.99,2025-10-12,2026-04-07,2,277,0
2336,Daniel Turner,oritter@example.org,pro,39.99,2026-01-06,2026-01-11,2,191,1
1617,Amy Marshall,vturner@example.net,Basic,9.99,2024-12-25,,1,568,1
1707,Kathleen Johnson,patrickshelton@example.org,Premium,19.99,2025-02-11,2026-01-01,1,520,1
1881,Randall Nguyen,nmartin@example.net,premium,19.99,2024-08-15,2024-09-02,3,700,1
1374,Megan Romero,marywalter@example.org,premium,19.99,2025-02-05,2025-10-10,1,526,0
1353,Laura Young,christian08@example.net,Basic ,9.99,2026-04-06,2026-06-25,1,101,0
1383,Jonathan Torres,colonkenneth@example.com,Premium,19.99,2025-05-30,2025-12-30,1,412,1
2112,Dwayne Marsh,chavezjeff@example.net,Pro ,39.99,2024-10-09,2025-08-19,1,645,1
1887,Michael Wallace,williamsnicholas@example.org,pro,39.99,2026-04-26,2026-05-26,1,81,0
1185,Donna Frye,zsanchez@example.net,Basic,9.99,2025-04-25,2025-11-13,1,447,0
2075,Rose Dean,kpatterson@example.com,Pro,39.99,2025-04-02,2026-01-24,0,470,0
1907,Mrs. Stacey Riddle,cruzariel@example.org,BASIC,9.99,2025-12-31,2026-07-07,1,197,0
2516,Melissa Parker,nturner@example.net,Basic ,9.99,2025-10-04,2026-07-02,0,285,0
2244,Terri Hancock,lancegray@example.com,Pro,39.99,2024-11-16,2025-02-09,0,607,1
1300,Elizabeth Brown,troyrodriguez@example.com,Premium ,19.99,2025-10-04,2025-10-24,2,285,1
1930,Rachel Burch,ostokes@example.com,basic,9.99,2024-10-03,2024-11-29,0,651,0
2867,Derek Henderson,hollyperkins@example.net,basic,9.99,2025-09-20,2026-01-29,0,299,0
2190,Kimberly Lloyd,freemanlynn@example.com,Premium ,19.99,2024-12-04,2026-06-11,0,589,0
2653,Lori Madden,hernandezandrew@example.net,PRO,39.99,2026-01-04,2026-03-26,0,193,0
2925,Ashley Spencer,nathan05@example.com,Basic ,9.99,2026-01-11,2026-02-03,2,186,0
1905,Larry Jones,jennifergonzalez@example.org,pro,39.99,2024-07-17,2026-04-06,2,729,1
2981,William Brown,sarahgonzales@example.com,pro,39.99,2025-03-21,2026-05-30,1,482,0
2280,James Powell,welchanna@example.com,PRO,39.99,2024-09-11,2026-01-27,2,673,1
1175,Autumn Hampton,nlewis@example.com,BASIC,9.99,2025-11-12,2026-07-15,0,246,0
1507,Danielle Wise,cwright@example.org,Premiun,19.99,2025-06-02,2026-04-13,3,409,1
1873,Andrea Brown,jacksonmichele@example.com,Premiun,19.99,2025-04-14,2026-07-11,3,458,1
1730,Erin Silva,vshaffer@example.org,premium,19.99,2026-04-30,,1,77,1
2664,Joel Stanley,christinejohnson@example.net,BASIC,9.99,2026-04-14,2026-05-02,1,93,0
1123,Sherry Arnold,russellbeasley@example.com,Basic ,9.99,2025-03-09,2025-10-19,0,494,1
1620,Brett Pena,rmurray@example.net,Basic,9.99,2024-12-31,2026-01-12,2,562,0
1394,Alexandra Taylor,markkline@example.net,Premium ,19.99,2025-01-18,2026-02-20,0,544,0
1552,Jennifer Jenkins,oreese@example.net,basic,9.99,2025-01-22,2026-03-18,4,540,1
2175,Kelly Stewart,marycarter@example.org,pro,39.99,2025-03-02,2026-04-06,2,501,0
1039,Matthew Ross,michelle45@example.net,pro,39.99,2025-07-06,2026-03-17,2,375,1
2204,Walter Bishop,cassidysmith@example.net,Premiun,19.99,2024-07-29,2025-04-26,2,717,0
1527,James Barber,caitlin82@example.com,PREM,19.99,2024-07-19,2026-07-04,2,727,0
1331,Diana Stokes,xmoreno@example.net,pro,39.99,2026-06-14,2026-07-15,2,32,0
1483,Grace White,sclark@example.com,Pro,39.99,2025-03-27,2025-10-03,0,476,1
1194,Nicole Gonzalez,cporter@example.org,PRO,39.99,2024-10-18,2025-05-17,0,636,1
2033,Steven Schroeder,nallen@example.net,PREM,19.99,2024-09-05,2024-12-17,0,679,1
1674,Jessica Norris,imccullough@example.net,BASIC,9.99,2025-08-04,2025-11-18,3,346,1
2952,Andrea Smith,rroberts@example.net,PREM,19.99,2024-12-13,2025-06-07,1,580,1
1322,Melissa Williams,eddie35@example.com,Basic,9.99,2025-07-09,2026-03-17,1,372,0
2786,Eric Davis,frodgers@example.net,Premium,19.99,2025-01-02,2025-05-28,1,560,1
1266,David Ortega,deborahwilliams@example.net,basic,9.99,2025-11-01,2026-02-11,0,257,1
2133,James Hendricks,ebennett@example.net,Premium ,19.99,2025-10-19,2026-03-23,2,270,1
2480,Kari Edwards,madisonbrewer@example.net,PRO,39.99,2025-09-11,2025-12-11,1,308,0
2839,Ronald Gill,vwhite@example.net,BASIC,9.99,2026-05-22,2026-06-27,4,55,1
1067,Spencer Haynes,angela83@example.org,Basic ,9.99,2024-12-30,2025-08-15,1,563,0
2009,Luis Wilson,huangcassandra@example.org,Premiun,19.99,2025-05-11,2025-10-02,0,431,0
2764,Bobby Becker,jacob57@example.org,Premium ,19.99,2026-04-15,2026-05-16,2,92,0
2972,Emily Brady,sjackson@example.org,Premiun,19.99,2025-04-08,2025-12-03,3,464,1
2314,Jeffrey Torres,rpeterson@example.net,BASIC,9.99,2026-02-10,2026-03-12,0,156,1
2538,James Lee,peter93@example.net,pro,39.99,2026-04-11,2026-05-27,1,96,1
2116,Jeffrey Liu,feliciagonzalez@example.org,Basic,9.99,2025-05-02,2025-07-28,0,440,0
2461,Chelsey Martinez,lopezmelinda@example.org,basic,9.99,2024-11-05,2025-12-02,1,618,0
2047,Thomas Hudson,hoffmanpatricia@example.org,Pro,39.99,2024-09-07,2025-12-03,1,677,1
1579,Kimberly Rogers,dreilly@example.net,Pro ,39.99,2025-02-09,2026-02-22,0,522,1
1942,William White,wilsonzachary@example.com,BASIC,9.99,2025-09-03,2026-07-06,0,316,0
2668,Dr. Brooke Osborn,stephaniecoleman@example.net,premium,19.99,2026-02-20,2026-04-25,0,146,1
2688,Nathan Kirk,tlewis@example.com,Basic,9.99,2024-09-10,2026-04-21,1,674,1
1736,Evan Burnett,rmccormick@example.org,Pro,39.99,2026-02-11,2026-07-06,1,155,0
2558,Lucas James,jamie76@example.net,Premium,19.99,2025-03-11,,2,492,1
1966,Jonathan Jennings,sullivanchristina@example.net,Basic ,9.99,2024-07-20,2025-05-24,0,726,1
1479,Tina Charles,christine79@example.com,Premium ,19.99,2025-06-23,2026-07-09,1,388,0
1988,Nicholas Mayo,amandahernandez@example.org,Premium,19.99,2024-11-26,2025-10-20,0,597,0
1651,George Johnson,ramirezdaniel@example.com,BASIC,9.99,2025-06-01,2025-08-10,0,410,0
2583,Andrea Donaldson,trivera@example.com,Premiun,19.99,2025-12-09,2026-04-27,4,219,1
2654,John Lopez,jennifer64@example.net,Premium,19.99,2026-01-29,,0,168,0
2810,Amanda Armstrong,njames@example.net,Pro ,39.99,2024-07-24,2024-11-30,2,722,1
2315,David Parker,luke87@example.org,Premiun,19.99,2025-11-06,,0,252,1
2202,Raymond Green,robert76@example.com,premium,19.99,2025-01-13,2025-02-11,0,549,0
1567,Dr. Lawrence Snyder II,cchavez@example.org,basic,9.99,2025-09-08,2025-09-10,3,311,1
2781,Mr. Mark Simmons,evelyncampbell@example.com,PRO,39.99,2026-03-02,2026-05-12,1,136,0
1950,Paul Miller,huntermichael@example.net,PRO,39.99,2024-11-12,2026-07-02,0,611,0
1968,Carrie Richardson,williefarley@example.com,Pro,39.99,2025-06-26,,3,385,0
1261,Tracy Carter,yfaulkner@example.org,PRO,39.99,2025-02-28,2025-07-18,1,503,1
2001,Alisha Martin,lisamcdaniel@example.org,basic,9.99,2024-09-01,2024-10-20,2,683,0
2100,Jenna Garcia,tyler23@example.com,pro,39.99,2025-10-03,2026-04-22,2,286,1
1240,Thomas Weaver DDS,warrenmary@example.org,basic,9.99,2026-05-07,2026-06-22,5,70,0
2073,Patrick Simpson,qnielsen@example.org,basic,9.99,2024-11-30,2026-04-15,1,593,0
1906,Jacqueline Sullivan,vbentley@example.com,PRO,39.99,2025-04-09,2025-08-29,2,463,0
2401,William Schultz,shannon18@example.com,basic,9.99,2024-07-29,2025-10-06,3,717,1
2053,Gabriella House,lpatterson@example.net,PRO,39.99,2025-09-04,2026-02-21,3,315,1
2477,Jorge Davis,cindymiller@example.com,Premiun,19.99,2025-06-03,2026-06-05,3,408,0
1584,John Russo,kimberly21@example.net,Basic,9.99,2025-10-31,2025-12-04,0,258,0
1365,Jaime Wheeler,susanwells@example.net,BASIC,9.99,2025-03-16,2025-06-03,1,487,0
2861,Cody Wright,manuel81@example.com,Pro ,39.99,2025-03-04,2026-04-22,0,499,1
2281,Elizabeth Potter,bcraig@example.org,Premium,19.99,2025-09-25,2025-11-13,2,294,0
2510,Chad Middleton,ihayes@example.net,Pro ,39.99,2024-11-06,2024-12-02,0,617,0
2460,Sharon Brown,williammiller@example.org,BASIC,9.99,2025-01-15,2026-05-10,1,547,1
1963,Dr. Kathryn Hill,tmeyer@example.org,Premium,19.99,2025-02-13,2026-05-03,0,518,0
1859,Stephen Duncan,jonathan12@example.org,premium,19.99,2025-02-06,2025-11-05,1,525,0
1071,Dr. William Warren,tina34@example.org,PRO,39.99,2025-03-24,2025-08-15,0,479,0
1679,Donna Shaffer,achandler@example.org,premium,19.99,2026-02-19,2026-05-17,1,147,0
1259,Brian Torres,ncook@example.com,pro,39.99,2026-01-28,2026-03-24,2,169,0
1051,David Wright,katie87@example.net,Premiun,19.99,2024-12-29,2025-09-03,2,564,0
1198,Mikayla Silva,alexandriagriffith@example.com,Basic,9.99,2024-10-26,2025-12-27,1,628,1
2329,Shelley Murphy,vcampbell@example.net,PRO,39.99,2024-08-30,2024-10-20,0,685,0
2286,Ronald Cole,ricardosmith@example.com,pro,39.99,2025-12-31,2026-05-09,1,197,1
1332,Matthew Adams,gallagherstacie@example.net,Premium,19.99,2026-02-27,2026-06-17,0,139,0
2404,James Thompson,xmccarthy@example.org,PRO,39.99,2025-07-05,2026-05-07,1,376,0
2822,Paula Bailey,ronald23@example.com,Basic ,9.99,2025-06-15,2025-07-27,0,396,0
1576,Justin Walsh,davidsonhannah@example.com,PREM,19.99,2026-01-19,2026-03-14,0,178,1
1867,Jade Ray,kevinrojas@example.com,Pro ,39.99,2026-02-02,,1,164,1
2491,Katherine Caldwell,cpierce@example.org,BASIC,9.99,2025-08-31,2025-11-05,2,319,1
1583,Richard Strickland,wallaceangel@example.com,premium,19.99,2026-04-09,2026-04-24,1,98,1
2669,Larry Howe,gonzalezkenneth@example.net,Premiun,19.99,2025-06-05,2025-07-11,1,406,0
2540,Austin Miller,kendrawilliams@example.com,Premium,19.99,2025-04-16,,0,456,1
2587,Joe Lam,melissa49@example.net,Basic ,9.99,2025-08-02,2026-06-11,3,348,1
1426,David Ramsey,pruittlynn@example.com,Basic,9.99,2025-07-10,,0,371,1
2604,Lauren Higgins,portiz@example.net,Premium,19.99,2026-05-05,2026-06-13,1,72,0
1494,Randy Warren,garciachristine@example.org,PREM,19.99,2025-10-16,2026-06-14,2,273,0
2607,Erica Anderson,julie65@example.net,Pro,39.99,2026-03-14,2026-04-05,1,124,0
2034,Kathleen Ballard,katiecollins@example.org,PRO,39.99,2025-06-29,2025-12-19,1,382,1
2667,Dave Hess,jennifer88@example.net,premium,19.99,2026-04-05,2026-07-07,1,102,0
1889,Russell Beck,bradleyhunt@example.com,Basic,9.99,2025-02-25,2026-01-08,0,506,1
2355,Ruth Ray,dhaney@example.net,Pro,39.99,2025-01-14,2025-09-12,0,548,1
2933,Jessica Hoover,jamesjohnson@example.org,BASIC,9.99,2026-02-01,2026-05-09,1,165,1
1398,Dennis Edwards,tiffanysantiago@example.com,Pro,39.99,2025-07-13,2026-03-23,1,368,1
2744,Gina Gallegos,bhall@example.org,premium,19.99,2026-03-19,2026-05-22,1,119,1
1462,Daniel Brock,jcox@example.com,BASIC,9.99,2025-10-14,2025-12-22,0,275,0
1436,Kayla Martin,christinaking@example.org,Premium ,19.99,2024-11-18,2026-03-16,3,605,0
1192,James Hudson,michaelroberts@example.com,Basic,9.99,2025-07-02,2026-04-17,2,379,1
2894,Lee Mcguire,markgardner@example.org,basic,9.99,2025-01-17,2026-05-19,1,545,0
2858,Brenda Green,whernandez@example.net,PREM,19.99,2025-05-22,2026-01-18,1,420,1
1292,Zachary Blankenship,erik41@example.net,Premiun,19.99,2025-03-24,2025-05-02,1,479,1
1445,Sarah Drake,katherinetaylor@example.org,Premium,19.99,2024-11-17,2026-06-14,3,606,0
2652,Stacey Allen,johnny38@example.net,Pro,39.99,2025-08-21,2026-06-21,0,329,0
2790,Janet Sandoval,jessicalong@example.net,PRO,39.99,2026-03-15,2026-06-11,0,123,1
1637,Mark Conway,bryantgeorge@example.net,Pro ,39.99,2024-08-28,2026-03-12,1,687,1
2517,Alan Phillips,jacobparsons@example.org,PREM,19.99,2024-08-30,2025-07-06,4,685,1
2546,Erica Yates,davidsharp@example.com,basic,9.99,2025-10-05,,1,284,0
1141,Madison Weber,edward17@example.com,Pro,39.99,2025-09-29,2026-05-17,0,290,1
1999,Connie Adams,omoore@example.net,Premium ,19.99,2025-12-05,2026-02-25,1,223,1
1002,Connie Lawrence,blakeerik@example.com,Pro,39.99,2025-03-10,2025-05-25,0,493,1
2102,Gary Gibson,waderonnie@example.org,BASIC,9.99,2024-11-16,2025-04-25,0,607,1
1590,James Bush,tjensen@example.com,Premium ,19.99,2026-02-07,2026-05-31,1,159,1
2937,Tammy Madden,lindashepherd@example.org,pro,39.99,2024-12-11,2026-03-04,1,582,1
2198,Kari Sandoval,nataliepittman@example.com,Basic ,9.99,2025-10-25,2026-03-03,2,264,1
1339,Rachel Walker,nicholasgross@example.com,PREM,19.99,2024-10-12,2026-01-22,1,642,1
1670,Sara Schwartz,evanwilson@example.com,Premiun,19.99,2025-08-21,2026-01-13,1,329,0
1408,Timothy Monroe,bartonshannon@example.net,pro,39.99,2025-08-31,2026-02-07,1,319,0
2274,Dawn Delgado,copelandryan@example.org,basic,9.99,2026-01-21,2026-05-01,1,176,1
1265,Sheila Barnes,gibbsmichael@example.net,PREM,19.99,2025-09-03,2026-06-18,0,316,0
1376,Elizabeth French,nathan94@example.com,premium,19.99,2026-03-02,2026-05-04,0,136,0
2402,Mrs. Jacqueline Jackson,smithpaul@example.org,Pro ,39.99,2026-01-26,2026-05-03,2,171,0
1439,Jerry Jensen,heather29@example.net,Pro,39.99,2025-03-27,2025-08-24,1,476,1
1271,William Sanchez,andrearivera@example.com,Premium,19.99,2026-05-16,2026-05-30,0,61,1
1244,Manuel King,joseph61@example.com,PREM,19.99,2026-05-17,2026-06-13,2,60,0
1998,Ashley Reese,qbautista@example.net,PRO,39.99,2025-10-02,2026-03-09,2,287,1
2852,Jessica Gomez,snyderandrea@example.org,Pro ,39.99,2024-11-15,2025-05-06,0,608,1
1680,Eric Mcneil,carl96@example.org,Premium ,19.99,2024-07-19,2025-10-26,1,727,0
2935,Robert Thomas,jgutierrez@example.net,PREM,19.99,2024-12-11,2026-04-24,1,582,1
1415,Brian James,santiagojames@example.org,PRO,39.99,2026-06-03,2026-07-02,1,43,0
1273,Aaron Lewis,karen19@example.org,Basic ,9.99,2026-01-25,2026-04-27,0,172,1
1771,Bruce Jackson,zstevens@example.net,basic,9.99,2026-05-22,2026-06-24,1,55,0
1250,Evelyn Campos,krystalnorris@example.org,Premium ,19.99,2025-06-30,2026-07-06,0,381,0
1413,Tammy Anderson,williambenson@example.com,Basic ,9.99,2025-11-24,2026-05-21,0,234,0
2351,Jared Eaton,wrightjohn@example.net,basic,9.99,2025-10-19,2026-01-15,2,270,1
1310,Amanda Roy,brandoncox@example.org,Premium,19.99,2024-11-17,2026-06-21,0,606,0
2625,Christopher Oliver,vayala@example.net,premium,19.99,2024-08-30,2026-07-11,2,685,0
1593,Thomas Rivera,shawn01@example.com,PRO,39.99,2024-10-02,2025-08-10,1,652,1
1425,Tanner Austin,susanfleming@example.com,PRO,39.99,2025-04-07,2026-04-12,1,465,0
2942,Dr. Tracy Evans,amberrivera@example.org,Basic ,9.99,2025-05-22,2025-11-24,0,420,1
2611,Nancy Wagner,lpreston@example.net,Pro ,39.99,2026-04-24,2026-05-10,1,83,1
2366,Andrea Richmond,donald61@example.net,Basic ,9.99,2025-12-14,2026-07-04,1,214,0
2833,Amber Chapman,qmartinez@example.org,premium,19.99,2024-07-28,2025-11-10,4,718,1
2389,Ryan Carpenter,tfrancis@example.com,Pro,39.99,2026-01-28,2026-03-13,3,169,1
2374,Richard Erickson,qobrien@example.com,Basic ,9.99,2024-08-13,2024-10-27,2,702,1
1582,Jason Crawford,nathangallegos@example.com,Pro ,39.99,2024-12-13,2025-06-06,1,580,0
1526,Lisa Hart,nicholaspierce@example.net,PRO,39.99,2025-01-08,2026-06-24,0,554,0
2356,Mary Robertson,matthew24@example.com,basic,9.99,2026-01-30,2026-04-21,4,167,1
1889,Russell Beck,bradleyhunt@example.com,Basic,9.99,2025-02-25,2026-01-08,0,506,1
1182,Todd Jacobson,kingcynthia@example.net,Basic,9.99,2025-01-23,2025-12-25,1,539,1
1170,Erica Miller,kirk96@example.org,Premiun,19.99,2025-11-09,2026-02-04,2,249,1
1596,Mr. Daniel Benson,bmueller@example.net,Pro,39.99,2026-01-17,2026-04-25,0,180,0
2506,Cynthia West,forbesbradley@example.net,Pro ,39.99,2026-02-19,2026-04-23,1,147,0
2944,Linda Fernandez,rachel51@example.org,PREM,19.99,2025-06-25,2026-03-22,1,386,0
2782,Kevin Carney,sthomas@example.org,pro,39.99,2025-05-07,2026-06-02,2,435,0
1903,Jonathan Moss,lorileon@example.org,Pro ,39.99,2025-12-30,2026-03-24,0,198,0
2278,Logan Chandler,omatthews@example.net,Pro ,39.99,2025-03-02,2025-09-12,0,501,1
1272,Cody Davidson,vfoster@example.net,PRO,39.99,2026-03-25,2026-05-14,0,113,1
2602,Cynthia Rollins,elizabeth33@example.com,Pro,39.99,2024-10-27,2025-02-01,0,627,0
2263,Christopher Fleming,marshallchristopher@example.net,Pro,39.99,2025-12-09,,2,219,0
2492,Adrienne Miles,william26@example.org,Basic,9.99,2024-10-29,2024-11-02,0,625,1
1371,Donald Douglas,jacob83@example.org,Basic,9.99,2026-01-29,2026-06-12,0,168,0
1222,Veronica Brewer,ybrooks@example.com,premium,19.99,2026-03-15,2026-07-04,2,123,0
2473,Melinda Patterson,georgealyssa@example.com,pro,39.99,2025-12-04,2026-06-02,2,224,0
2013,Frank Anderson,fgomez@example.com,PRO,39.99,2025-06-16,2026-07-05,1,395,0
2090,John Ramirez,qperez@example.com,Pro,39.99,2025-11-24,2026-02-14,1,234,1
1518,Douglas Ortiz,daniel81@example.org,Premium ,19.99,2026-02-19,2026-03-10,0,147,1
1334,Michael Meza,annalopez@example.com,Premium ,19.99,2025-07-29,2025-09-28,1,352,1
1772,Mr. William Ward,fballard@example.org,Basic,9.99,2024-10-17,2025-02-15,0,637,1
2206,Jennifer Robbins,laurie55@example.com,pro,39.99,2024-12-12,2026-02-11,0,581,1
2089,Charles Silva,qwalsh@example.org,pro,39.99,2025-07-15,2025-10-11,1,366,1
2737,Timothy Marshall,melissanolan@example.org,Pro,39.99,2025-11-01,2025-11-21,1,257,1
1015,Angela Dennis,spenceamanda@example.org,premium,19.99,2024-10-12,2025-08-13,1,642,1
2994,Vincent Hays,ldickson@example.com,basic,9.99,2025-10-24,2026-01-28,1,265,0
1892,Daniel Turner,gbird@example.net,Premiun,19.99,2025-07-25,2026-07-12,1,356,0
2592,Gary Miller,cindyfry@example.net,Pro,39.99,2024-08-30,2025-04-02,0,685,1
2743,Sherry Shannon,curtislee@example.net,Premiun,19.99,2026-04-27,2026-05-30,1,80,0
1743,Dennis Christian,moralesroy@example.com,PREM,19.99,2024-10-27,2026-06-19,2,627,0
2268,Jessica Marshall,martineztracy@example.com,Premium,19.99,2024-08-19,2025-10-10,0,696,0
1465,Tiffany Garcia,zhartman@example.net,Premium ,19.99,2025-09-17,2026-04-11,1,302,1
1836,Christopher Collins,johnsonryan@example.org,Premium,19.99,2025-09-02,2026-03-19,0,317,0
1199,Travis Rodriguez,alexanderrobert@example.com,PRO,39.99,2025-11-10,2026-02-19,2,248,1
2247,Joshua Clark,zreed@example.net,BASIC,9.99,2026-01-23,2026-02-28,0,174,1
2338,Craig Wise,davisgregory@example.net,pro,39.99,2025-12-04,2025-12-31,3,224,0
2746,Richard Chapman,hpowell@example.com,basic,9.99,2025-06-14,2025-07-08,3,397,1
2344,Mary Watson,amorrow@example.org,basic,9.99,2024-11-14,,2,609,0
2151,Jeffrey Prince,michael56@example.org,basic,9.99,2024-12-28,2025-02-17,1,565,1
1767,Billy Williams,dixonrobert@example.com,Pro ,39.99,2025-10-20,2026-03-21,3,269,1
2448,Ashley Donovan,suzanneflores@example.net,Premium,19.99,2026-01-20,2026-06-08,0,177,0
2463,Melinda Campbell,calvinbrown@example.com,Premium ,19.99,2026-04-07,2026-04-13,0,100,1
2574,Kathryn Ballard,charlesvang@example.com,Premium ,19.99,2024-10-03,2026-05-14,0,651,1
2228,Anna Pratt MD,thomassmith@example.org,Basic,9.99,2026-04-03,2026-04-08,1,104,1
1602,Michael Hoover,daniel40@example.org,Pro ,39.99,2025-05-13,2026-01-21,1,429,0
1043,Belinda Mccullough,elizabeth56@example.net,PRO,39.99,2025-02-06,2025-04-13,0,525,1
1274,Craig Wilson,orose@example.com,Premium,19.99,2025-09-05,2026-03-15,0,314,0
2801,Teresa Dyer,nbailey@example.net,BASIC,9.99,2025-12-14,2026-05-13,0,214,1
1101,Stephanie Byrd,charleslandry@example.net,Basic,9.99,2025-02-09,2026-06-26,0,522,0
1923,Teresa Morris,morgan57@example.org,pro,39.99,2025-09-12,2026-01-12,1,307,0
1070,Bryan Lee,newtonstephanie@example.net,PRO,39.99,2024-11-21,2025-03-31,2,602,1
2018,Ronald Brown,daviddominguez@example.org,Premiun,19.99,2025-04-05,2025-04-17,1,467,0
1107,Kiara Mcintyre,jonathansummers@example.com,BASIC,9.99,2026-05-23,2026-06-07,0,54,0
1727,Tracey Tucker,brownpeggy@example.com,PREM,19.99,2025-09-09,2026-06-04,2,310,0
1497,Sherry Graham,regina78@example.org,Pro ,39.99,2026-01-29,2026-04-13,0,168,1
2532,Craig Keller,angela71@example.net,Pro,39.99,2024-11-21,2025-07-27,0,602,0
1936,Michael Bennett DVM,eric33@example.net,pro,39.99,2025-12-12,2026-06-29,1,216,0
2339,Barbara Burns,kara56@example.org,basic,9.99,2024-12-09,2025-01-31,0,584,0
2844,Penny West,phyllismiller@example.com,PRO,39.99,2026-05-19,2026-06-30,1,58,0
2146,Curtis Barron,tayloramy@example.net,BASIC,9.99,2025-03-02,2026-03-16,1,501,0
2341,Tracy Copeland,pbautista@example.com,Basic,9.99,2024-12-22,2026-01-26,2,571,0
2132,Matthew Hart,yespinoza@example.org,Pro,39.99,2025-01-25,2026-03-10,2,537,0
1781,Megan Navarro,kmarsh@example.net,Basic,9.99,2024-12-07,,1,586,0
1072,Beth Williams,tranheidi@example.org,Basic,9.99,2025-10-04,2026-05-06,1,285,0
2848,Jennifer Flores,poolehector@example.org,pro,39.99,2025-04-07,2025-05-16,2,465,1
2255,Tracy Parker,laurieellis@example.org,Pro,39.99,2025-06-02,2026-02-26,1,409,1
2773,Luis Gould,hortonalexandra@example.net,premium,19.99,2024-08-26,2026-01-12,1,689,1
1765,Maria Reeves,prose@example.net,Pro ,39.99,2024-09-11,2025-07-23,1,673,1
1481,Scott Parsons,sbray@example.net,BASIC,9.99,2025-06-02,2026-03-10,1,409,1
2106,Ronald Turner,patricia97@example.org,Premium ,19.99,2025-01-19,2025-10-27,1,543,1
1506,Reginald Jones,qwhite@example.com,Basic ,9.99,2026-02-14,2026-03-04,1,152,0
1715,Michael Melton,morganandrew@example.com,premium,19.99,2024-08-10,2025-11-16,0,705,0
1869,Latoya Johnson,ericcisneros@example.com,premium,19.99,2025-08-16,,2,334,1
1909,David Woods,crystal02@example.com,PREM,19.99,2025-09-11,2026-06-28,0,308,0
1782,Angelica Webb,jamesobrien@example.org,basic,9.99,2026-01-21,2026-07-05,2,176,0
1701,Julian Roberts,elopez@example.com,PREM,19.99,2026-05-03,2026-05-30,1,74,1
1915,Mr. Brian Bradley,jacobbrown@example.org,Basic,9.99,2026-02-01,2026-03-04,2,165,0
1311,Robert Klein,pwalker@example.com,Premium,19.99,2026-04-17,2026-05-15,0,90,1
1879,Amanda Mcclure,joshuafuller@example.com,Pro,39.99,2025-10-24,2025-11-10,1,265,0
1405,Jesse Davis,aaronkelly@example.net,Basic ,9.99,2026-05-21,,2,56,1
2208,Raymond Wright,karen66@example.org,PREM,19.99,2026-02-07,2026-06-26,0,159,0
2717,Vicki Bryant,dustin59@example.com,Basic ,9.99,2025-10-03,2026-03-14,4,286,0
1309,Jonathan Bradley,eric19@example.net,Premium,19.99,2025-12-02,2026-01-22,0,226,0
1226,Alexis Harris,wheelersean@example.net,Pro ,39.99,2025-11-19,2025-11-30,0,239,1
2869,Chad George,brianmcdaniel@example.com,Pro,39.99,2026-06-11,,1,35,1
2362,Timothy Moran,rgarrison@example.org,basic,9.99,2026-05-17,2026-07-12,3,60,1
2581,Allison Powell,ureed@example.com,BASIC,9.99,2025-03-29,2026-04-12,0,474,0
2689,Dorothy Hendrix,wmoore@example.com,Basic,9.99,2025-12-27,2026-06-19,1,201,0
2941,Whitney Macdonald DVM,amyponce@example.com,Premium,19.99,2026-01-26,2026-04-01,1,171,1
1148,Mary Anderson,collinsnicholas@example.com,Basic,9.99,2026-02-04,2026-05-23,2,162,1
2798,Melvin Carlson,nhiggins@example.com,Premiun,19.99,2025-11-22,2026-06-02,3,236,0
2555,Anna Yang,lisa11@example.org,PRO,39.99,2026-02-26,2026-03-28,1,140,1
2545,Matthew Tate,leahbarker@example.org,Basic ,9.99,2025-11-07,2026-02-05,4,251,1
2407,Jasmine West,barnettcameron@example.org,PRO,39.99,2025-03-27,2025-07-18,2,476,0
1888,Brandon Fisher,rogersjames@example.net,pro,39.99,2024-08-28,2026-06-17,0,687,0
1575,Bruce Marshall,mclaughlinjared@example.net,Premiun,19.99,2026-06-14,2026-06-27,3,32,0
1557,Jared Williams,zcortez@example.net,pro,39.99,2026-05-03,2026-06-14,0,74,0
2615,Amanda Crane,aallen@example.com,Pro,39.99,2024-08-17,2024-10-09,1,698,0
2185,Jamie Gonzales,shirley13@example.com,pro,39.99,2025-06-25,2025-07-13,0,386,0
2639,Sarah Vasquez,brianclark@example.net,Premium,19.99,2025-04-12,2026-04-26,3,460,1
2391,Joshua Anderson,gnichols@example.net,Premium ,19.99,2024-12-21,2025-07-08,1,572,0
2290,John Marquez,marcuscarter@example.org,BASIC,9.99,2024-12-06,2025-09-02,0,587,1
2526,Christopher Monroe,timothywright@example.com,Basic ,9.99,2026-01-09,2026-06-09,0,188,0
2023,Deanna Armstrong,jenna62@example.com,BASIC,9.99,2026-05-27,2026-06-22,4,50,0
1286,Beth Cline,dustinmorris@example.org,basic,9.99,2025-12-30,2026-05-12,1,198,1
2658,Jessica Taylor,jefferydavis@example.com,Premium ,19.99,2024-07-23,2025-09-20,3,723,1
1780,Lance Kirby,sanderson@example.net,pro,39.99,2025-11-24,2026-07-06,2,234,0
1628,Paula Smith,ohernandez@example.org,pro,39.99,2026-04-29,2026-06-19,0,78,0
1598,Eric Sullivan,jenningscandace@example.com,Premium,19.99,2025-03-01,2026-01-18,3,502,1
1987,Patrick Martinez,jamesgriffin@example.org,premium,19.99,2024-09-05,2025-09-11,1,679,1
2043,Jamie Mayer,kristine73@example.org,Premium ,19.99,2024-12-10,2024-12-23,0,583,0
2691,Bradley Bennett,sconner@example.net,BASIC,9.99,2025-08-21,2026-05-16,1,329,1
2640,Chad Beltran,sbartlett@example.com,Premium,19.99,2025-01-05,2026-04-26,1,557,0
2200,Audrey Marshall,donna56@example.net,Premium ,19.99,2024-10-12,2026-05-01,5,642,1
2271,Mackenzie Jordan,michael79@example.org,pro,39.99,2026-04-19,2026-07-07,4,88,0
1855,Tammy Hines,melissaphillips@example.org,Pro,39.99,2025-03-01,2025-03-27,1,502,0
2651,Jacob Scott,nelsondominique@example.com,Pro ,39.99,2025-12-19,2025-12-23,2,209,1
1678,William Sawyer,lewispamela@example.net,BASIC,9.99,2026-06-09,,1,37,1
2245,Darrell Lopez,gregoryphillips@example.net,PRO,39.99,2025-05-18,2025-06-26,0,424,1
2087,Kimberly Smith,greenkristen@example.org,BASIC,9.99,2024-08-17,2025-03-17,1,698,0
1609,Nicholas Fox,steven18@example.net,BASIC,9.99,2024-09-14,2025-07-27,0,670,1
2340,Karen Hicks,ysmith@example.com,Pro,39.99,2025-04-21,2026-05-12,1,451,0
2027,Theodore Lopez,daniellejohnson@example.com,premium,19.99,2024-09-12,2025-09-30,2,672,0
2472,Tony Lara,thenry@example.net,Premium ,19.99,2024-11-03,,0,620,1
2847,Jessica Hunter,irandolph@example.org,Basic ,9.99,2024-08-27,2024-09-13,1,688,1
1493,Patrick Brady,garrettgarcia@example.org,BASIC,9.99,2026-05-01,2026-06-05,4,76,1
2364,Justin Collins,brownrobert@example.org,Basic ,9.99,2025-06-16,2025-08-18,1,395,1
1277,Jenny Tucker,angelaburns@example.org,Pro ,39.99,2024-11-22,2026-04-12,0,601,0
2913,Elizabeth Miller,padillapatricia@example.org,Premium ,19.99,2026-06-05,2026-06-05,1,41,0
1358,Sherry Baker,earmstrong@example.org,pro,39.99,2024-11-12,2025-07-16,2,611,0
2525,Jose Thompson,kcarter@example.org,premium,19.99,2025-02-03,2025-07-27,0,528,1
1236,Heather Green,zowens@example.net,Basic,9.99,2025-06-08,2026-05-12,1,403,0
1551,Barry Patel,whitemary@example.org,Pro,39.99,2025-12-05,2026-05-24,1,223,0
2934,Abigail Webb,wileyaudrey@example.com,Basic,9.99,2025-08-12,2025-11-30,2,338,0
1952,Yesenia Obrien,haileybates@example.org,BASIC,9.99,2024-12-27,2025-04-12,1,566,1
1208,Ann Andrews,gentrygregory@example.org,Pro,39.99,2026-04-29,2026-05-01,0,78,1
2823,Danielle Hamilton,williamsbrian@example.org,PRO,39.99,2026-01-24,2026-04-22,0,173,1
2613,Rebecca Wells,mhickman@example.net,Basic ,9.99,2024-12-23,2025-06-20,1,570,0
1058,Trevor Fisher,ruizkaitlyn@example.org,Basic ,9.99,2026-06-14,2026-06-25,0,32,0
1631,Felicia Turner MD,diazmelissa@example.com,pro,39.99,2024-09-09,2025-07-16,1,675,0
2637,Angela Jackson,mccoyandre@example.org,Premium ,19.99,2025-12-07,2026-01-03,0,221,0
2926,Brenda Richard,tyler09@example.org,Pro ,39.99,2026-05-02,2026-05-05,2,75,0
2630,Elaine Trevino,crosbyelizabeth@example.org,Premium ,19.99,2025-11-14,2026-06-01,2,244,0
1363,Samuel Suarez,thompsonnancy@example.org,BASIC,9.99,2026-02-20,2026-03-28,2,146,0
1505,Eric Lloyd,steven05@example.org,Basic,9.99,2026-02-25,2026-07-09,1,141,0
2091,Dana Holland,heatherjones@example.com,Basic ,9.99,2024-08-26,2024-09-04,2,689,0
2161,Jessica Patterson,aguirreangela@example.net,Pro,39.99,2026-04-28,2026-05-20,2,79,1
2657,Crystal Delacruz,stuartnichols@example.net,Premium ,19.99,2024-09-03,2025-12-10,1,681,0
2818,Christopher Harvey,fhiggins@example.com,Basic,9.99,2025-05-09,2026-01-19,1,433,1
2320,Michael Clark,kenneth50@example.com,BASIC,9.99,2025-05-10,2025-10-22,2,432,0
2036,David Mcdowell,shelbybonilla@example.com,Premium ,19.99,2024-08-11,2026-04-07,0,704,1
1865,Tiffany Grimes MD,thomasblack@example.net,BASIC,9.99,2025-12-27,2026-05-21,1,201,0
1118,David Thompson,andersonmichael@example.org,Basic ,9.99,2025-08-31,2025-09-05,3,319,1
2290,John Marquez,marcuscarter@example.org,BASIC,9.99,2024-12-06,2025-09-02,0,587,1
1809,Nicholas Davis,zhughes@example.com,Pro ,39.99,2025-07-28,,1,353,0
1522,Morgan Davenport,blackburnsusan@example.org,Premiun,19.99,2024-09-23,2025-02-22,0,661,0
1513,Maria Reed,bquinn@example.net,Pro,39.99,2025-04-05,2026-03-09,0,467,1
1081,Katherine Miller,prestonjessica@example.net,PRO,39.99,2025-01-06,2025-02-25,0,556,1
2623,Danielle Smith,gayfrancis@example.com,PRO,39.99,2024-11-04,2026-03-23,0,619,0
1764,Rita Austin,fmccoy@example.org,BASIC,9.99,2025-07-09,2026-07-06,1,372,0
2672,Scott Stephens,allenandrea@example.com,basic,9.99,2025-07-17,2025-08-20,1,364,0
1380,Daniel Ayala,tracygallagher@example.org,PREM,19.99,2024-10-13,2025-07-18,1,641,1
2991,Nancy Everett,joseph21@example.net,Basic,9.99,2025-07-10,2026-01-16,1,371,1
2747,Kathleen Mccullough,michellesmith@example.org,Pro ,39.99,2025-04-04,2025-06-10,1,468,0
1084,Jason Morris,hodgemark@example.net,premium,19.99,2025-06-26,2026-03-08,1,385,0
2735,Tara Jones,andrew88@example.com,Premiun,19.99,2024-08-31,2025-01-11,1,684,0
1672,Thomas Sullivan,dmack@example.com,pro,39.99,2024-11-01,2026-06-27,2,622,0
1329,Marvin Robles,crystalpham@example.org,PREM,19.99,2026-06-07,2026-07-07,1,39,1
1006,Daniel Adams,lynchgeorge@example.net,basic,9.99,2025-01-02,2025-09-17,0,560,1
1787,Samantha Williams,jacksondavid@example.org,Basic ,9.99,2026-04-13,2026-04-27,3,94,1
2712,Victoria Deleon,kenneth78@example.net,PRO,39.99,2026-04-01,2026-04-15,1,106,0
1824,Dr. Christine Wagner PhD,cynthia74@example.org,PREM,19.99,2025-10-21,2026-01-15,1,268,0
2265,Meagan Henderson,turnerjonathan@example.net,Premium,19.99,2024-10-04,2026-03-12,0,650,0
1451,Diana Hernandez,michaellove@example.org,PRO,39.99,2025-10-20,2026-02-08,1,269,0
1490,Brianna Jackson,robert99@example.com,Pro ,39.99,2026-03-01,2026-03-10,1,137,1
2804,Tanya Davis,dawnjackson@example.net,Basic ,9.99,2026-05-05,2026-06-27,0,72,0
1287,Kenneth Adams MD,yjones@example.org,Basic,9.99,2025-04-22,2026-03-25,1,450,0
1965,Patrick Spencer,astokes@example.com,Premium ,19.99,2025-10-31,2026-06-28,1,258,0
1087,Olivia Harris,sarakim@example.net,pro,39.99,2025-06-19,2025-06-30,1,392,1
2414,Daniel Bryant,patriciajoseph@example.org,Premium,19.99,2025-11-26,2026-03-20,0,232,0
1806,Brenda Lawrence,zunigakevin@example.com,pro,39.99,2024-12-12,2026-04-01,1,581,0
1745,Tracy Li,keith76@example.org,Basic ,9.99,2025-05-12,2025-08-08,1,430,1
2441,Brent Jones,smithmichelle@example.org,Premium,19.99,2025-03-04,2025-04-17,2,499,0
2760,Jeanette Luna,gina90@example.org,premium,19.99,2025-10-29,2025-12-11,1,260,1
1845,Wesley Holmes,brianhunter@example.net,BASIC,9.99,2026-03-08,2026-05-01,0,130,1
2606,Ryan Lara,flopez@example.com,Pro,39.99,2025-10-18,2026-02-02,0,271,1
1099,James Thomas,yknight@example.org,PRO,39.99,2024-11-10,2024-12-28,0,613,1
2550,Derek Jarvis,elarson@example.com,Basic ,9.99,2025-04-11,2025-06-05,0,461,0
2706,Amanda Richardson,stricklandmatthew@example.com,Premium,19.99,2026-04-30,2026-06-02,0,77,0
1327,Kathleen Reyes,nthompson@example.org,Basic ,9.99,2025-01-23,2025-09-20,1,539,1
1442,Shannon Taylor,josemercado@example.org,Pro,39.99,2025-12-06,2026-06-22,0,222,0
1819,Julian Willis,sanchezangela@example.org,basic,9.99,2025-02-13,2025-09-11,1,518,0
2117,Edward Ho,ygardner@example.com,PREM,19.99,2024-09-20,2025-09-04,1,664,0
1979,Jeffrey Williamson,johnwang@example.com,basic,9.99,2026-06-10,2026-06-18,2,36,0
1932,Antonio Nichols,uwhitney@example.com,Basic ,9.99,2026-01-24,2026-07-04,2,173,0
1177,Miss Michelle Pierce,patricia22@example.com,Premium ,19.99,2025-07-06,2025-08-20,1,375,1
2911,April Roth,sherry96@example.com,Basic ,9.99,2026-02-18,2026-04-08,2,148,0
1744,Keith Smith,dayala@example.net,Pro,39.99,2025-06-25,2025-09-19,2,386,1
1086,April Booth,mgutierrez@example.net,pro,39.99,2025-03-25,2026-03-21,1,478,0
2502,Rebecca Beard,hthompson@example.org,PRO,39.99,2025-12-04,2026-03-15,1,224,0
2968,David Lucero,nealdavid@example.com,Premium ,19.99,2024-10-03,2026-03-08,1,651,1
1457,Dale Heath,mserrano@example.org,PRO,39.99,2024-11-16,2026-05-17,0,607,0
2893,Rebecca Jones,crivers@example.com,PRO,39.99,2025-03-02,2026-01-14,0,501,0
1054,Laura Woods,kenneth66@example.net,Basic ,9.99,2025-12-20,2026-04-12,0,208,1
2554,Alexander Silva,georgeburch@example.com,BASIC,9.99,2024-12-04,2025-12-01,1,589,1
1643,Todd Bishop,carlsonjennifer@example.net,Pro ,39.99,2026-05-11,2026-06-21,2,66,0
1677,Kayla Brown,raymond65@example.com,Premiun,19.99,2025-04-01,2025-08-13,1,471,0
1221,Zachary Michael,andersenthomas@example.com,PRO,39.99,2025-04-27,2026-04-04,2,445,1
1113,Theresa Barnes,nicolepena@example.com,Basic ,9.99,2025-09-18,2026-06-27,1,301,0
2288,Manuel Duarte,udougherty@example.net,basic,9.99,2025-01-05,2025-11-18,1,557,1
2269,Jeffery Leonard,danielsguy@example.com,Basic,9.99,2025-05-02,2025-11-14,1,440,1
2044,Jenny King,christopherjones@example.com,Premiun,19.99,2024-09-10,2026-04-21,0,674,0
1174,Kendra Sanders,john10@example.net,PREM,19.99,2024-11-22,2025-09-29,0,601,1
2239,Dr. Holly Smith,qbutler@example.net,premium,19.99,2024-08-27,,0,688,1
1589,Kimberly Williams,ruizemma@example.org,Pro ,39.99,2025-04-09,,0,463,1
2612,Monique Williams,amber70@example.com,Premiun,19.99,2025-03-04,2025-09-23,2,499,1
1018,Daniel Jones,perezrebecca@example.com,pro,39.99,2024-09-02,2025-02-11,0,682,0
1423,Tina Meyer,robertherrera@example.org,basic,9.99,2025-03-16,2026-05-20,2,487,0
2387,Danny Neal,johnperez@example.net,PRO,39.99,2026-02-03,2026-02-26,1,163,1
1285,Kayla Mccullough,taylorkaren@example.com,basic,9.99,2026-04-19,2026-07-15,0,88,0
2800,Jennifer Gibbs,kelleyglen@example.org,pro,39.99,2025-01-16,2025-11-14,1,546,0
1428,Adrienne Jones,michellecoleman@example.org,Premiun,19.99,2024-12-05,2026-04-06,1,588,0
2562,Jasmine Reed,bsmith@example.net,Pro,39.99,2025-05-22,2025-11-16,3,420,1
1792,George Morales,ryanlong@example.org,Premium,19.99,2025-10-20,2026-04-10,1,269,1
1669,Ryan Hernandez,stephen29@example.org,basic,9.99,2025-11-25,2026-01-30,3,233,1
1031,Aimee Montoya,sarah12@example.com,Premium,19.99,2024-10-03,2024-12-11,1,651,0
1997,Henry Cross,gregory08@example.net,Premiun,19.99,2026-05-31,2026-07-05,1,46,0
1722,Chelsea Porter,oadams@example.net,PRO,39.99,2026-02-01,2026-06-21,0,165,0
2940,Jennifer Nelson,bwilliams@example.com,Premiun,19.99,2024-11-27,2025-10-19,0,596,0
1214,Matthew Schwartz,contrerassteven@example.org,Premiun,19.99,2025-04-24,2025-12-05,0,448,1
2745,Sarah Thompson,ricky53@example.net,premium,19.99,2025-12-22,2026-07-07,0,206,0
2287,Annette Carpenter,amccann@example.org,basic,9.99,2025-10-03,2026-03-28,1,286,0
2621,Richard Bauer,tammy17@example.com,Pro,39.99,2024-10-08,2026-02-14,2,646,1
1326,Anna Boone,david70@example.org,Pro ,39.99,2026-04-22,2026-05-28,1,85,1
1560,Patricia Mitchell,robertoaustin@example.org,Pro ,39.99,2025-11-09,2026-06-22,2,249,0
2932,Veronica Sandoval,jacob10@example.net,Pro ,39.99,2025-03-25,2026-06-20,1,478,0
1700,Amanda Murphy,cruzstephen@example.net,premium,19.99,2025-02-18,2026-07-03,1,513,0
2466,Mr. Phillip Edwards,jeremyjackson@example.net,pro,39.99,2025-03-19,2025-10-30,0,484,1
2229,Jessica Ortega,kevin13@example.net,Pro ,39.99,2025-04-16,2026-04-03,2,456,0
1341,Brenda Mcgee,michaelflores@example.net,pro,39.99,2026-03-26,2026-04-04,0,112,1
1629,Michael Conway,robertsonshelby@example.com,Basic ,9.99,2025-06-14,2025-11-21,2,397,0
1147,David York,mathewaguilar@example.org,Pro,39.99,2026-04-17,2026-05-14,0,90,0
2237,Bonnie Barnes,browndana@example.org,Basic,9.99,2025-02-19,2026-05-04,2,512,1
1360,Stephanie Smith,larry71@example.org,BASIC,9.99,2024-10-17,2026-06-29,3,637,1
1083,Joseph Ramos,howard96@example.net,Basic,9.99,2026-02-04,2026-07-10,1,162,0
1048,David Douglas Jr.,osbornejeffery@example.net,premium,19.99,2025-07-12,2025-07-30,0,369,0
1468,Linda Bautista,daniellegonzales@example.org,Basic ,9.99,2026-03-02,2026-07-06,0,136,0
1155,Curtis Jacobs,brett75@example.net,Pro,39.99,2026-04-30,2026-06-23,0,77,0
1817,Stephanie Williams,karenwillis@example.com,PRO,39.99,2025-07-06,2026-01-11,0,375,0
2068,Christine Garcia,gutierreztommy@example.net,Basic,9.99,2024-09-06,2025-12-16,2,678,0
2890,Pamela Simon,nfleming@example.net,PRO,39.99,2026-02-05,2026-02-18,3,161,0
2455,Allison Anderson,sanchezgregory@example.org,premium,19.99,2024-10-30,2026-03-14,2,624,0
2447,Michael Cooper MD,tannercasey@example.org,Pro,39.99,2025-09-24,2026-04-11,4,295,1
2684,Rachel Smith,davidbrown@example.org,Basic ,9.99,2026-04-25,2026-07-04,4,82,0
1500,Kimberly Lopez,kfoster@example.net,Premiun,19.99,2025-12-12,2026-03-06,0,216,0
2825,Christopher Black,blacklisa@example.net,PRO,39.99,2025-03-28,2025-05-18,1,475,1
1179,Angelica Parker,xfox@example.com,premium,19.99,2026-02-11,2026-02-22,1,155,0
2084,Jennifer Hawkins,troy06@example.com,premium,19.99,2025-11-14,2026-03-04,1,244,1
2816,Phillip Anderson,greencharles@example.net,Pro,39.99,2026-01-10,,0,187,1
2235,Andrew Dominguez,joshua09@example.org,Pro,39.99,2026-03-11,2026-07-06,0,127,0
1931,Patrick Pineda,berrydavid@example.com,Basic,9.99,2026-05-13,2026-06-18,0,64,0
2196,Robert Gross,david18@example.net,BASIC,9.99,2025-12-21,2025-12-21,2,207,0
2673,Joshua Clayton,pattersonmelissa@example.org,PRO,39.99,2024-10-20,2026-03-04,0,634,0
1528,Ethan Ingram,samantha88@example.net,Basic ,9.99,2026-04-24,2026-05-06,0,83,0
1346,William Barry,reynoldsdesiree@example.net,Premium ,19.99,2026-03-29,2026-04-15,2,109,0
2435,Joseph Sanchez,ashleygould@example.net,Pro ,39.99,2025-10-19,2026-04-04,2,270,0
1944,Michael Pope,stricklandmichelle@example.net,PREM,19.99,2025-04-08,2026-01-26,0,464,1
1861,Alexander Alexander,deanna51@example.com,Basic,9.99,2026-02-24,2026-05-07,2,142,1
1585,Julia Reeves,smithsarah@example.net,Basic,9.99,2026-02-28,2026-06-28,1,138,0
1904,Terrence Evans,angelathompson@example.com,PRO,39.99,2025-06-04,2025-12-05,0,407,0
2052,Melissa Banks,wgutierrez@example.com,PRO,39.99,2026-02-14,2026-04-19,1,152,1
1601,Adam Downs,sabbott@example.org,Pro,39.99,2025-03-30,2025-12-14,2,473,0
2929,John Pearson,eugenegreen@example.com,Basic,9.99,2024-12-30,2025-03-16,1,563,1
1243,Nathan Nichols,andre62@example.org,Basic,9.99,2026-04-18,2026-06-03,2,89,0
1994,Joseph Carter,sheriramirez@example.org,Premium ,19.99,2025-01-20,2026-03-24,1,542,1
1802,Peggy Wiggins,cfields@example.net,Pro ,39.99,2026-04-27,2026-06-05,1,80,0
2105,Robert Rogers,inavarro@example.com,BASIC,9.99,2025-10-22,2025-12-28,2,267,0
2864,Stephanie Velazquez,bartondavid@example.com,basic,9.99,2025-09-04,2026-03-03,2,315,1
1312,Laura Wilson,whitelinda@example.org,Pro ,39.99,2026-05-13,2026-05-17,0,64,1
1435,Kenneth Long,torreskaitlin@example.net,Premium,19.99,2025-03-12,2025-09-30,0,491,0
2967,Ryan Barnes,lauradyer@example.org,Pro,39.99,2025-05-31,2025-10-23,2,411,1
2353,Sarah Adkins,ywelch@example.org,premium,19.99,2026-05-31,2026-05-31,1,46,0
1308,Robert Nelson,bakertheresa@example.net,Basic,9.99,2024-09-06,2025-07-11,0,678,0
1430,Christopher King,andrewsjeremy@example.com,Basic ,9.99,2025-04-26,2025-11-13,2,446,0
1660,Megan Barron,reyessteven@example.org,basic,9.99,2025-03-27,2025-06-18,1,476,1
1370,Kristina Wheeler,kenneth17@example.org,basic,9.99,2025-03-07,2025-07-22,3,496,1
1566,Mark Wilson,susansmith@example.com,Pro,39.99,2024-07-23,2025-07-17,0,723,0
2360,Alan Quinn,alicia29@example.net,Pro,39.99,2025-07-17,2026-05-04,1,364,0
1824,Dr. Christine Wagner PhD,cynthia74@example.org,PREM,19.99,2025-10-21,2026-01-15,1,268,0
1181,Jonathan Oneill,holmeskevin@example.org,premium,19.99,2025-02-25,2026-02-18,3,506,1
1921,Seth Morales,anthonymartinez@example.net,PRO,39.99,2025-01-26,2026-02-04,2,536,0
1621,Kelly Byrd,lawrencesmith@example.org,PRO,39.99,2026-02-17,2026-02-18,2,149,1
2272,Samantha Carroll,jonesnathan@example.org,Pro,39.99,2025-09-14,2026-04-22,1,305,0
2232,Cassandra Cline,wtownsend@example.net,Basic,9.99,2025-05-07,2026-01-30,0,435,0
2010,Jeffery Barry,colleen45@example.org,pro,39.99,2025-01-20,2025-10-17,1,542,0
1813,Ronald Combs,imiller@example.net,BASIC,9.99,2025-02-24,2025-12-19,3,507,1
2471,Katherine Wade,suzanne15@example.net,Pro ,39.99,2025-06-13,2025-10-06,1,398,1
2906,Joseph Murray,bwilson@example.net,Basic,9.99,2026-02-23,2026-05-19,4,143,1
2524,Jonathan Ford,isolis@example.net,PRO,39.99,2025-12-04,2026-01-29,2,224,1
2111,Brian Smith,stevenhernandez@example.com,Pro,39.99,2025-09-24,2026-04-07,0,295,0
1296,James Li,darlenebyrd@example.org,Basic ,9.99,2025-07-21,2025-07-24,1,360,1
2457,Tracy Welch,kristi19@example.org,PREM,19.99,2024-08-23,2024-11-26,1,692,0
1461,Kimberly Scott,fletcherkristine@example.net,Premium ,19.99,2025-07-15,2026-01-21,1,366,0
2609,Kathleen Ramirez,jenniferbutler@example.org,Premium ,19.99,2025-09-30,2026-04-23,0,289,0
2216,Frank Cunningham,rsavage@example.net,Pro ,39.99,2024-12-08,2025-11-02,1,585,1
1377,Lauren Blackburn,kennedyjames@example.org,Premiun,19.99,2026-03-14,2026-04-30,1,124,0
1798,Mark Gomez,shermanshelly@example.com,Premium,19.99,2025-02-08,2026-02-28,1,523,1
2249,Matthew Lopez,tannermorris@example.net,basic,9.99,2025-04-05,2026-01-04,1,467,1
1105,Perry Saunders,courtneyberger@example.net,pro,39.99,2024-08-11,2026-02-17,0,704,1
1126,Shane Pugh,uparrish@example.org,Basic ,9.99,2026-05-23,2026-06-24,3,54,0
2225,Lauren Torres,jvilla@example.net,Basic,9.99,2025-10-07,2025-12-03,0,282,1
2903,David Bradley,hernandezdaniel@example.net,PRO,39.99,2025-10-19,2026-03-02,1,270,0
2170,Damon Hudson,bjones@example.com,Premium ,19.99,2024-10-23,2025-05-17,3,631,1
2879,Bailey Hernandez,sylviayates@example.com,Basic ,9.99,2026-05-21,2026-06-16,3,56,0
1355,William Graham,maryscott@example.net,Basic ,9.99,2026-04-15,2026-04-21,3,92,0
2670,Rebecca Martinez,hallisabella@example.org,BASIC,9.99,2025-08-11,2025-12-22,0,339,0
1682,Sandra Torres,ywalker@example.org,Basic ,9.99,2024-10-30,2025-05-05,0,624,0
1973,Thomas Smith,jeremy65@example.com,Premium ,19.99,2025-03-27,2026-05-25,1,476,0
1862,Rachel House,wilsonmichael@example.net,PREM,19.99,2024-12-02,2025-03-28,2,591,0
1926,Mrs. Stephanie Friedman,pbates@example.org,Premiun,19.99,2024-12-10,2026-02-22,1,583,0
1209,Rachel Lopez,nancy04@example.net,Pro ,39.99,2025-09-09,2026-06-23,2,310,0
1938,Gregory Myers,rosejustin@example.net,PRO,39.99,2026-04-22,2026-06-20,3,85,0
1140,Angela Bean,kmarshall@example.net,Pro,39.99,2025-05-25,2026-06-14,1,417,0
2487,Cynthia Fischer,matthew65@example.org,Premiun,19.99,2025-06-24,2026-01-20,1,387,1
2383,Christopher Jackson,rodriguezbonnie@example.net,pro,39.99,2025-11-17,2026-04-01,1,241,0
2359,William Miller,raymondpugh@example.net,PREM,19.99,2024-11-28,2026-04-11,0,595,1
2627,Amanda Lopez,andre55@example.com,PREM,19.99,2025-12-21,2025-12-22,2,207,1
2780,David Day,lloydmiranda@example.org,basic,9.99,2024-12-07,2025-06-14,0,586,1
2586,Deborah Webb,robinsonrose@example.org,Basic,9.99,2026-04-23,2026-06-03,2,84,0
2226,Ashley Robinson,josegarcia@example.net,Premiun,19.99,2025-08-30,2026-05-02,1,320,1
1711,Erik Price,carrolltracy@example.net,pro,39.99,2025-11-06,2026-03-30,1,252,1
2309,Stephen Williams,gonzalezdarren@example.org,premium,19.99,2025-06-13,2025-07-22,2,398,0
2004,Vincent Rosario,danielsloretta@example.net,PRO,39.99,2024-09-12,2024-12-14,2,672,1
2738,James Robinson,gyoung@example.net,Basic,9.99,2025-02-22,2025-10-18,1,509,1
1907,Mrs. Stacey Riddle,cruzariel@example.org,BASIC,9.99,2025-12-31,2026-07-07,1,197,0
1914,Michael Warren,jessica22@example.com,Pro ,39.99,2024-11-22,2025-02-10,0,601,0
1010,Ann Williams,hernandezernest@example.net,Pro,39.99,2025-05-06,2025-06-02,1,436,1
2753,Michelle King,deborah49@example.com,basic,9.99,2026-02-27,2026-05-22,1,139,1
2163,Diana Fleming,christopher38@example.com,PRO,39.99,2025-03-08,2025-09-19,0,495,0
1282,Martha Wright,colemichael@example.org,Premium,19.99,2025-05-18,2026-07-13,2,424,0
1810,Stacy Fitzgerald,clinejasmine@example.net,basic,9.99,2025-09-29,2026-05-10,0,290,1
2696,Michelle Cobb,obrienjames@example.net,Pro ,39.99,2024-09-16,2025-12-13,2,668,0
1291,Amber Sims,ksmith@example.com,Basic ,9.99,2025-05-30,2026-07-12,0,412,0
1754,Michael Graham,wwilliams@example.net,Premium,19.99,2025-08-11,2026-01-13,1,339,0
1626,Tyler Baker,mjones@example.net,PREM,19.99,2025-04-15,2026-02-03,2,457,1
2000,Anna White,lisathompson@example.net,PRO,39.99,2025-06-23,2026-04-02,1,388,0
1916,Dr. Jessica Durham,oneillgabriel@example.com,BASIC,9.99,2024-09-12,2024-12-04,0,672,1
1129,Ellen Morgan,whitedouglas@example.net,premium,19.99,2025-04-21,2025-06-23,1,451,1
2846,Charles Chang,warroyo@example.net,Basic ,9.99,2025-07-09,2026-06-18,1,372,0
1843,Cheryl Berry,michael79@example.com,premium,19.99,2024-11-22,2025-02-12,1,601,1
1323,William Johnson,jbond@example.net,Basic,9.99,2025-08-04,2025-09-05,1,346,0
2128,Karen Roberts,haleytrevor@example.net,Premium ,19.99,2025-01-23,2025-08-18,0,539,0
2919,Brandi Ibarra,shawn89@example.net,Basic ,9.99,2026-02-16,2026-03-16,1,150,0
2436,Kimberly Gallagher,tbrooks@example.org,BASIC,9.99,2025-04-15,2025-11-15,1,457,1
2931,Nicole Brown,andrewstheresa@example.net,PRO,39.99,2024-11-16,2025-08-24,2,607,0
2591,Julie Hernandez,terrywilliam@example.com,Premium,19.99,2025-12-16,,1,212,1
2617,Kathleen Carpenter,kimberly36@example.net,Basic,9.99,2025-12-05,2026-01-13,1,223,1
1695,Tamara Harris,jackbell@example.org,Premiun,19.99,2024-10-24,2026-02-06,2,630,1
1215,Michele Collins,fowlershelia@example.com,pro,39.99,2025-09-18,2025-11-22,2,301,1
2134,Patricia Fox,heidichapman@example.net,Pro,39.99,2025-03-15,2026-01-10,0,488,0
2125,Kelly Wright,wellsmarissa@example.com,Pro ,39.99,2025-04-14,2026-06-12,1,458,0
2304,Heather Stevens,larsenmegan@example.net,pro,39.99,2026-04-04,2026-06-19,1,103,0
1158,Jade Johnson DVM,lacey20@example.com,Premium,19.99,2026-04-18,2026-05-30,0,89,1
2131,William Howard,michaelmccarthy@example.com,Basic,9.99,2025-07-09,2025-09-11,2,372,1
2518,Tony Stanley,wolfekevin@example.com,Premium,19.99,2025-04-03,2025-08-23,3,469,1
2381,Natalie Huff,leslietorres@example.net,Basic ,9.99,2024-09-16,2025-06-14,1,668,1
1841,Mary Smith,bmarshall@example.net,premium,19.99,2025-09-21,2025-12-31,1,298,1
1634,Katherine Brown,victor70@example.org,Premium ,19.99,2025-03-09,2025-08-22,1,494,1
1516,Ricardo Hunter,nicoleharvey@example.com,premium,19.99,2026-01-09,2026-02-22,1,188,0
2992,Amanda Moss,singhsarah@example.org,PRO,39.99,2025-10-05,2026-04-28,0,284,1
2573,Jennifer Warren,kristin96@example.com,Pro,39.99,2025-07-16,2025-12-11,1,365,1
1597,Matthew Miller,mwilson@example.com,Basic,9.99,2025-02-27,2025-04-17,1,504,1
1195,Jesus Obrien,markaustin@example.org,pro,39.99,2025-04-16,2026-01-22,1,456,0
2697,Chad Schneider DVM,khanmelissa@example.net,Premium,19.99,2024-09-06,2024-11-01,0,678,1
2261,Jennifer Jones,devinlopez@example.org,Basic ,9.99,2025-02-11,2025-03-31,1,520,1
1410,Carrie Ochoa,hughescaroline@example.com,Premiun,19.99,2025-07-02,2025-11-24,1,379,0
1096,Richard Baker,vsantos@example.net,premium,19.99,2026-03-08,2026-04-26,2,130,0
1440,Aaron Sanchez,jenniferdavidson@example.com,Basic ,9.99,2026-02-23,2026-03-14,1,143,1
2552,Tammy Mcdaniel,billkeller@example.org,pro,39.99,2024-07-21,2025-03-22,0,725,0
1156,Belinda Miller,joshuawhitehead@example.org,BASIC,9.99,2026-02-16,2026-03-01,0,150,0
1419,Sheila Greer,kari89@example.org,Premium ,19.99,2026-01-09,2026-07-09,0,188,0
2866,Jason Abbott,cobbmary@example.net,Pro ,39.99,2024-11-21,2025-07-16,0,602,1
1477,Susan Porter,jimmyallen@example.com,pro,39.99,2024-12-06,2025-04-04,1,587,0
2922,Brenda Phillips,kristendavis@example.net,PRO,39.99,2026-01-24,2026-05-15,0,173,1
1668,Jill Torres,rachelparker@example.com,pro,39.99,2024-12-20,2025-07-21,3,573,1
2553,Destiny Jordan,jeffreymunoz@example.com,Basic,9.99,2026-04-25,2026-05-23,1,82,1
2939,Steven Lewis,samuel83@example.com,Basic,9.99,2026-03-16,2026-04-03,2,122,0
2343,Cassandra Smith,donaldharrison@example.org,PRO,39.99,2024-08-26,2026-03-01,2,689,1
1447,David Barnett,paul70@example.org,Pro,39.99,2026-06-01,2026-06-15,2,45,0
1553,Cody Farmer,catherine93@example.net,basic,9.99,2024-12-24,2026-01-19,1,569,0
1178,Charles Tyler,wardashley@example.com,Premium,19.99,2026-01-28,2026-05-01,0,169,1
1390,Joseph Harris,cphillips@example.net,Basic,9.99,2025-06-27,2025-09-14,0,384,0
1578,Tammy Mendoza,probles@example.org,Basic,9.99,2025-06-17,2026-02-19,1,394,0
2050,Amanda Reese,robertpayne@example.org,Premiun,19.99,2025-09-08,2025-11-14,2,311,1
2765,Kenneth Powell,mirandawalker@example.net,Pro ,39.99,2025-09-13,2026-04-11,3,306,1
2330,Justin Rodriguez,laurenmathis@example.org,PRO,39.99,2025-08-20,2026-01-21,2,330,0
2924,Felicia Matthews,tbrown@example.com,pro,39.99,2025-12-01,2026-02-22,2,227,1
2358,Anna Hester,martinezjennifer@example.org,Pro,39.99,2026-03-18,2026-04-23,2,120,1
1820,Mark Harris,nathanielgalloway@example.org,Pro ,39.99,2025-07-26,2025-12-23,0,355,0
2889,Sarah Jones,sherylmoore@example.net,premium,19.99,2026-06-04,2026-06-15,0,42,0
2037,Scott Stark,scotthunt@example.net,Pro,39.99,2026-05-12,2026-06-05,0,65,0
2085,Tracy Martinez,sharon10@example.org,basic,9.99,2024-08-17,2024-08-24,2,698,0
1664,Stephanie Hayes,lauren13@example.com,Pro ,39.99,2024-09-14,2025-06-02,2,670,0
1142,Heather Jones,dhayes@example.com,premium,19.99,2026-02-17,2026-02-28,1,149,1
2569,Jackie White,johnsmith@example.org,Basic,9.99,2026-01-02,2026-04-12,1,195,1
2824,Alexander Pruitt,gspencer@example.com,Premium ,19.99,2025-04-20,2026-03-31,1,452,0
1864,Elijah Short,lbautista@example.net,Pro,39.99,2024-07-23,2025-11-07,0,723,0
1421,Beverly Silva,adam72@example.org,Premium,19.99,2024-10-30,2025-05-19,0,624,1
1636,Nicolas Burns,ruizsamantha@example.org,basic,9.99,2024-12-31,2025-12-30,2,562,0
2456,Sharon Smith,doylematthew@example.net,Premium ,19.99,2024-09-02,2025-10-04,1,682,0
1799,William Trujillo,michaelmitchell@example.net,Premium ,19.99,2025-08-19,2025-10-04,0,331,0
2797,Dr. Bruce Barry DDS,ksmith@example.org,premium,19.99,2025-05-19,2025-07-26,0,423,1
1615,Dr. Scott Cooper,coffeycaitlin@example.org,Basic,9.99,2026-02-21,2026-06-10,2,145,0
1294,Blake Wheeler,ssmith@example.com,BASIC,9.99,2026-02-06,2026-07-14,0,160,0
1978,Michael Williams,russell90@example.com,Pro ,39.99,2025-06-16,2025-10-05,0,395,1
1984,Anthony Garner,justinramirez@example.net,basic,9.99,2024-09-23,2025-01-23,3,661,1
2971,Brian Rodriguez,xlewis@example.com,Pro ,39.99,2025-08-04,2025-09-01,1,346,1
1088,Rebecca Mckinney,andrea86@example.org,Premium,19.99,2024-12-19,2026-04-15,2,574,1
1041,Jessica Joyce,cruzbarbara@example.com,premium,19.99,2024-08-15,2025-06-16,1,700,0
2865,Amanda Weaver,clinesteven@example.net,PREM,19.99,2024-10-24,2025-04-13,1,630,0
2289,Brandon Wood,marnold@example.org,Pro ,39.99,2025-05-31,2026-03-24,2,411,1
1131,Latoya Miller,moorekaren@example.org,pro,39.99,2025-10-29,2026-01-07,1,260,1
2666,Joseph Cohen,wrodriguez@example.org,Premium ,19.99,2024-12-10,2025-03-09,1,583,1
1409,April Fitzgerald,eroberson@example.net,BASIC,9.99,2026-01-12,2026-06-29,0,185,0
2107,Brittany Jenkins,donnathomas@example.com,premium,19.99,2024-08-05,2025-09-19,1,710,1
2921,Joel Rogers,teresa17@example.com,PRO,39.99,2025-05-30,2026-03-16,1,412,0
2662,Diamond Simmons,sarah78@example.net,premium,19.99,2024-11-07,2026-02-05,1,616,0
2551,Isaiah Solis,williamschad@example.org,Pro ,39.99,2025-08-02,2025-11-03,1,348,0
1164,David Sandoval,ingramjill@example.com,Premium ,19.99,2024-10-16,2025-05-28,2,638,1
1724,Sarah Jenkins,waltersmeghan@example.com,Basic ,9.99,2026-02-11,2026-05-22,2,155,1
1290,Drew Kelley,ashleewashington@example.com,BASIC,9.99,2026-04-01,,3,106,1
2182,Barbara Merritt,brittany91@example.net,Pro,39.99,2024-08-15,2026-01-14,0,700,1
2588,Lynn Nguyen,elizabethconley@example.net,Pro ,39.99,2025-07-14,2025-10-24,1,367,1
2965,Lisa Smith,susan75@example.net,PRO,39.99,2025-08-08,2026-07-09,4,342,1
2057,Craig Harrison,belllaura@example.com,premium,19.99,2025-04-30,2026-04-27,2,442,0
2406,Carol Garcia,carrieosborn@example.com,PRO,39.99,2026-05-02,2026-07-10,1,75,1
1778,Debra Wong,nwilson@example.net,Premium ,19.99,2025-03-14,,2,489,1
1839,Steve Steele,bryanlang@example.org,PRO,39.99,2025-02-11,2026-01-02,2,520,1
1348,Brittany Ward,qmiller@example.net,PREM,19.99,2025-09-08,2025-11-09,2,311,0
1275,Hannah Bruce,lisamccarthy@example.com,Premiun,19.99,2026-04-19,2026-06-09,0,88,0
1571,Jacob Gray,changmegan@example.org,Basic,9.99,2025-02-04,2025-04-15,3,527,1
1917,Allen Young,gchambers@example.org,premium,19.99,2024-08-26,2026-01-25,1,689,1
2029,Kathryn Edwards,iswanson@example.net,Pro ,39.99,2025-10-30,2026-01-23,1,259,0
2984,Tony Johnson,meganharmon@example.com,pro,39.99,2024-08-30,2025-05-22,2,685,1
2808,Brenda Wilson,wilsonpatrick@example.org,premium,19.99,2024-10-13,2025-02-05,2,641,1
2644,Michelle Greer,gutierrezmatthew@example.com,Premium,19.99,2024-10-24,2026-01-23,0,630,1
2361,David Valentine,nicholasgarcia@example.org,Premiun,19.99,2025-10-02,2026-06-05,1,287,0
2910,Sean Chapman,johnsonjames@example.org,PRO,39.99,2025-05-30,2026-04-04,1,412,1
1136,Erik Patterson,amckinney@example.com,Premiun,19.99,2024-10-03,2024-10-16,1,651,0
1458,Sherry Schmidt,davisdonna@example.net,premium,19.99,2025-07-27,2025-07-27,0,354,1
1375,Molly Hansen,staceylam@example.net,Pro ,39.99,2024-09-15,2025-05-10,1,669,1
2386,Kelly Miller,scottwilliams@example.net,Pro,39.99,2024-10-31,2026-07-11,0,623,0
1333,Ryan Bruce,joelstewart@example.net,Premium,19.99,2025-11-15,2026-06-25,3,243,1
2350,Michelle Woods,davidrobertson@example.org,Premium,19.99,2024-12-19,2025-02-04,0,574,0
2596,Jeffrey Mosley,victoriasmith@example.org,Basic,9.99,2024-08-06,2025-02-28,0,709,1
2993,Michelle Barrett,mbaker@example.net,premium,19.99,2025-03-09,2025-07-05,0,494,1
2843,Timothy Zuniga,younggabrielle@example.net,pro,39.99,2025-08-19,2026-03-04,1,331,1
2118,Kathy Jennings,taylor67@example.com,Basic,9.99,2026-05-19,2026-06-14,2,58,0
1816,Alexander Brown,jgarcia@example.com,PRO,39.99,2026-04-01,2026-04-28,2,106,0
2709,Todd Lewis,katrinaking@example.com,Basic,9.99,2025-03-21,2026-04-18,1,482,1
1605,Nathan Tucker,iproctor@example.org,basic,9.99,2024-10-19,2026-03-14,1,635,0
2923,Brandon Marquez,bcase@example.com,Premium,19.99,2024-11-15,2025-02-08,0,608,0
1549,Joshua Clark,biancasutton@example.org,Basic,9.99,2026-03-10,,1,128,0
2055,Brandon Hood,bankschristina@example.com,Pro ,39.99,2024-09-25,2026-02-01,0,659,0
1910,David Lane,alexanderwise@example.net,Basic ,9.99,2025-11-25,2026-02-22,0,233,0
2289,Brandon Wood,marnold@example.org,Pro ,39.99,2025-05-31,2026-03-24,2,411,1
2860,Miss Carla Hoover,jenniferrodriguez@example.org,Basic,9.99,2025-06-12,2025-11-21,0,399,1
2165,Alan Smith,churchtimothy@example.net,Basic,9.99,2024-12-14,2025-01-16,0,579,1
1328,Lucas Jensen,victor87@example.org,BASIC,9.99,2024-09-14,2025-05-28,0,670,0
2642,Laura Olsen,coffeyjohn@example.net,pro,39.99,2024-08-12,2026-07-14,3,703,1
1318,Paul Carpenter,danafoster@example.net,Basic ,9.99,2025-08-16,2026-01-08,0,334,0
2582,Sophia Blake,cgallagher@example.net,BASIC,9.99,2026-01-11,2026-05-26,1,186,0
2403,Benjamin Jackson,nwhite@example.com,pro,39.99,2024-09-20,2025-12-17,1,664,0
2793,Jason Jackson,oconnorlauren@example.net,Premium ,19.99,2026-03-04,2026-03-14,2,134,1
1167,Robert Kennedy,mullinsjames@example.com,PRO,39.99,2026-03-10,2026-03-16,1,128,1
1012,Edward Moore,mckaynancy@example.com,Premium ,19.99,2026-05-26,2026-07-03,1,51,0
2997,Jesse Matthews,jennifer53@example.com,PRO,39.99,2026-05-22,2026-06-15,1,55,0
1171,Sergio Gomez,yhill@example.org,Basic ,9.99,2024-09-05,2025-11-11,2,679,1
1649,Oscar Kane,evance@example.com,pro,39.99,2025-08-28,2025-09-14,0,322,1
2650,Mr. Casey Norman,jcruz@example.net,Pro ,39.99,2025-10-07,2025-11-16,0,282,1
1260,Robert Villarreal,kevinmorrison@example.net,Pro,39.99,2024-12-02,2025-06-05,2,591,1
2837,Austin Ford,ajennings@example.com,BASIC,9.99,2025-09-10,,0,309,0
2788,Richard Yoder,qmarshall@example.net,Premiun,19.99,2026-05-27,2026-06-24,0,50,0
2459,Mario Lee,jeanettesimpson@example.net,BASIC,9.99,2024-11-22,2025-05-14,1,601,0
1901,Blake Hardy,frank33@example.com,Premiun,19.99,2024-11-15,2025-04-15,3,608,1
1258,Donald Evans,wardsheryl@example.net,pro,39.99,2025-09-25,2026-03-18,2,294,0
1844,Cameron Silva,larry82@example.org,PRO,39.99,2025-06-08,2026-02-06,0,403,1
1138,Eric Morgan,kimberly18@example.net,Premium,19.99,2024-10-02,2025-08-30,1,652,0
1319,Cynthia Green,sara65@example.com,Basic,9.99,2025-05-27,2025-08-31,3,415,1
2974,Jaime Bender,znolan@example.net,PRO,39.99,2025-01-24,2026-06-25,1,538,0
2481,Stephen Mills,john66@example.net,Pro,39.99,2026-02-08,2026-02-09,2,158,1
2347,Susan Williams,ufarmer@example.net,Basic ,9.99,2024-11-10,2025-01-10,1,613,0
1558,Margaret Padilla,meyershannon@example.org,pro,39.99,2026-03-21,2026-04-18,2,117,1
1139,Hannah Luna,joelthomas@example.org,premium,19.99,2024-11-13,2025-02-14,3,610,0
2975,Anthony Davis,garywebster@example.org,basic,9.99,2024-07-15,2024-11-21,1,731,1
1531,Martin Johnson,dmiller@example.com,Basic,9.99,2025-03-15,2026-04-17,2,488,1
1224,William Davenport,goodsteven@example.net,PREM,19.99,2025-07-31,2026-02-02,0,350,1
1723,Taylor Barber,boydmichael@example.org,PRO,39.99,2024-12-30,2026-02-23,0,563,0
2776,Jeremy Evans,devonmccarthy@example.net,BASIC,9.99,2025-03-08,2026-03-09,0,495,1
1325,Teresa Miller,samantha10@example.org,Pro,39.99,2024-11-30,2025-12-18,1,593,1
2305,Andrew Sims,william48@example.net,pro,39.99,2026-02-27,2026-05-12,2,139,1
1714,Jamie Patterson,robert03@example.org,Basic,9.99,2024-12-26,2025-06-20,2,567,1
1846,Curtis Kerr,petersonelizabeth@example.net,PRO,39.99,2025-11-11,2026-03-06,2,247,1
1193,William Becker,andersoncolin@example.com,Pro ,39.99,2026-01-22,2026-03-22,2,175,1
1573,Anita Ramsey,ronald54@example.net,PREM,19.99,2025-08-21,2026-03-14,0,329,1
1946,Mrs. Melissa Davis,patrickcooke@example.net,Basic,9.99,2025-05-14,2026-01-13,1,428,1
1503,Jesse Graves,blopez@example.org,pro,39.99,2024-08-18,2025-08-25,2,697,1
2511,Shannon Weber,amber29@example.org,premium,19.99,2026-05-30,,2,47,0
2475,David Wiggins,cynthia74@example.net,PREM,19.99,2025-03-10,2026-04-05,1,493,1
2849,Anna Wong,villawilliam@example.com,PREM,19.99,2025-10-30,2026-03-31,0,259,0
1003,Gabrielle Davis,howardmaurice@example.com,basic,9.99,2026-01-30,2026-05-31,0,167,0
2189,Mary Thomas,andrearomero@example.org,basic,9.99,2024-08-03,2026-05-07,1,712,0
1467,Daniel Miller,ramseysarah@example.com,Pro ,39.99,2025-09-17,2026-02-21,1,302,1
1005,Patricia Galloway,michellejames@example.com,premium,19.99,2025-10-02,2026-01-14,2,287,1
2420,Andrea Wilson,rachelfreeman@example.org,Basic,9.99,2025-07-25,2025-09-22,0,356,0
1547,Desiree Brown,natasha08@example.com,Premium ,19.99,2024-12-19,2025-07-03,2,574,1
1228,Monique Flores,joel28@example.org,Premiun,19.99,2025-04-30,2025-08-29,1,442,0
1542,Kevin Alvarado,scottbrian@example.org,Basic ,9.99,2026-01-18,2026-05-08,3,179,0
1242,Mary Jensen,bhopkins@example.org,Pro,39.99,2025-07-22,2025-12-16,1,359,0
1898,Nicole Perez,matthew38@example.org,Basic,9.99,2026-04-10,2026-06-13,1,97,0
2173,Daniel Rivas,sandovaledward@example.net,PREM,19.99,2024-09-07,2024-10-29,3,677,1
2231,Sara Castro,qneal@example.net,pro,39.99,2024-10-07,2026-05-12,4,647,0
2124,William Smith,mhanson@example.org,PREM,19.99,2024-08-30,2024-12-12,1,685,0
1842,Rachel Gibson,briana11@example.org,BASIC,9.99,2025-09-04,2025-09-25,1,315,0
2468,Travis Marks,patrick26@example.com,premium,19.99,2024-07-24,2026-02-15,0,722,0
2912,Amber Reynolds,fhenderson@example.org,basic,9.99,2024-07-24,2025-11-03,3,722,1
1124,Brandon Simmons,nicholas27@example.org,PRO,39.99,2024-09-16,2024-11-12,4,668,1
1661,Andrea Fletcher,devonrogers@example.net,basic,9.99,2024-10-02,2025-08-09,0,652,0
2251,Elizabeth Owens,karengonzales@example.net,pro,39.99,2025-05-30,2026-01-22,0,412,1
1314,Marcus Marshall,xcuevas@example.org,Basic ,9.99,2025-12-09,2026-04-07,1,219,0
1691,Eric Cox,mpreston@example.net,Pro,39.99,2025-12-31,2026-03-08,2,197,0
2556,Christopher Thompson,joshuasmith@example.net,Pro,39.99,2025-02-15,2025-12-11,0,516,0
1424,Erin Carter,wbarajas@example.net,Premiun,19.99,2024-07-21,2025-11-17,0,725,0
1594,Diane Bailey,williamsullivan@example.net,Premium,19.99,2026-01-23,2026-03-20,0,174,1
2080,Megan Berry,bfleming@example.com,PREM,19.99,2026-02-04,2026-03-08,1,162,0
1622,Brian Griffin,jessicaking@example.org,Premiun,19.99,2024-07-31,2024-10-04,2,715,0
2210,Rebecca Lee,kristen68@example.net,BASIC,9.99,2024-07-31,,1,715,1
2080,Megan Berry,bfleming@example.com,PREM,19.99,2026-02-04,2026-03-08,1,162,0
1227,Jennifer Young,karenparsons@example.org,PREM,19.99,2025-07-02,2025-10-19,0,379,0
2157,Juan Martinez,barryyoung@example.com,Basic ,9.99,2025-10-12,2026-02-14,1,277,1
2375,Maria Garcia,wilsonkathryn@example.com,Basic ,9.99,2025-08-25,2026-04-12,2,325,0
2137,Austin Salazar,johnsonkaren@example.com,pro,39.99,2025-12-31,2026-04-29,1,197,0
1066,Leonard Gray,snydermark@example.com,Basic,9.99,2024-12-10,2026-03-20,2,583,0
1024,Richard Gibson,uhorton@example.net,Pro ,39.99,2025-10-21,2026-02-28,1,268,0
1144,Marissa Morris,dmason@example.com,PREM,19.99,2024-09-25,2026-05-10,3,659,1
1536,Katherine Pearson,annshea@example.net,Basic ,9.99,2025-01-03,2025-02-12,2,559,1
1811,Matthew Schneider,leechristine@example.net,Premium,19.99,2025-12-27,,1,201,0
2159,Scott Cruz Jr.,nicolaskeller@example.net,BASIC,9.99,2024-08-20,2025-03-20,0,695,1
1085,Philip Johnson,edwardsmarcus@example.com,Premium ,19.99,2026-03-12,,1,126,1
2376,Robin Higgins,reedkristin@example.com,Premiun,19.99,2025-08-20,2026-02-08,2,330,1
2223,Austin Rowland,jacqueline31@example.net,basic,9.99,2025-06-01,2025-07-09,1,410,1
2220,Jennifer Phillips,uforbes@example.net,BASIC,9.99,2025-01-20,2025-07-13,0,542,1
2868,Jane Edwards,murphybrianna@example.com,PRO,39.99,2026-01-28,2026-02-05,0,169,1
2882,Ashley Chapman,folson@example.net,Pro ,39.99,2024-10-12,2026-04-26,0,642,0
2418,Shawn Doyle,robert06@example.com,basic,9.99,2025-04-04,2026-05-03,0,468,1
2616,Kimberly Lam,usmith@example.net,Basic,9.99,2026-01-17,2026-06-04,1,180,0
1362,John Black,lori82@example.org,pro,39.99,2025-02-17,2025-11-04,1,514,0
2665,Shirley Evans,emoore@example.org,Premiun,19.99,2025-06-11,2025-06-14,0,400,0
2192,Jeffrey Baker,victoriadennis@example.org,PREM,19.99,2026-05-23,2026-07-05,0,54,0
2026,Brian Miller,anthony42@example.net,Basic ,9.99,2024-09-27,2025-02-13,3,657,1
2030,Kathy Shaw,andrewflynn@example.com,Pro,39.99,2025-08-29,2026-05-29,1,321,1
2258,James Ford,kathryndavis@example.org,PRO,39.99,2025-02-22,2026-06-13,0,509,0
2428,Joseph Montgomery,jennifermorris@example.org,PRO,39.99,2024-10-23,2024-12-27,0,631,1
2110,Ellen Williams DDS,mary16@example.com,Pro,39.99,2025-08-15,2026-05-07,1,335,0
1665,Tyler Jones,joshuaterry@example.com,Pro ,39.99,2024-10-28,2025-03-04,1,626,0
1364,Thomas Bush,micheal78@example.com,Pro ,39.99,2025-10-02,2025-11-06,2,287,0
1077,Juan Moore,mhayes@example.com,Pro,39.99,2025-02-03,2025-06-05,2,528,0
1027,Lauren Williams,barnesbrandy@example.net,Premium ,19.99,2025-02-21,2025-07-03,0,510,1
2486,Amanda Hunt,tylermcintosh@example.org,PRO,39.99,2024-10-29,2025-09-20,2,625,0
1525,Lindsay Mahoney,andrea55@example.com,Basic ,9.99,2025-12-31,2026-03-25,1,197,1
2646,Brianna Price,mollyhodge@example.net,BASIC,9.99,2024-12-31,2025-10-01,0,562,0
1055,Connie Robinson,ytucker@example.com,Basic ,9.99,2025-10-26,2026-05-23,5,263,1
1638,Kurt Gilbert,brockronald@example.net,Premium,19.99,2025-11-01,2026-01-23,1,257,0
1302,William Jones,smithjason@example.org,pro,39.99,2026-05-10,2026-06-05,0,67,0
1718,Jeffrey Crawford,pittmanamanda@example.com,pro,39.99,2025-01-16,2025-06-27,0,546,0
1624,Kylie Coffey,dominguezjon@example.com,premium,19.99,2025-10-20,2025-11-09,3,269,1
1007,Timothy Watts,gabriellecameron@example.org,basic,9.99,2024-12-22,2025-01-09,0,571,1
1803,Samantha Thomas,toddellis@example.net,basic,9.99,2025-07-09,2026-01-21,1,372,1
2049,Jennifer Meyer,mcneilsherry@example.org,Pro,39.99,2025-10-02,2026-04-03,0,287,0
1336,Tamara Richard,brian29@example.net,premium,19.99,2026-04-18,2026-06-25,2,89,0
1047,William Carr,gibsonolivia@example.net,Premium,19.99,2024-11-28,2026-01-16,0,595,1
2532,Craig Keller,angela71@example.net,Pro,39.99,2024-11-21,2025-07-27,0,602,0
1106,Jacob Anderson,mark62@example.org,PRO,39.99,2024-10-15,2025-09-24,1,639,0
1349,Christopher Carter,wellsdarrell@example.com,Premium ,19.99,2025-06-09,2026-06-03,2,402,0
2079,Austin Campbell,alisongarcia@example.com,premium,19.99,2025-11-28,2026-07-03,0,230,0
1238,Christian Rivera,phudson@example.com,Premium ,19.99,2025-08-04,2026-06-26,0,346,0
1213,Franklin Wright,patrick74@example.com,Premium,19.99,2025-02-11,2026-02-21,0,520,1
2512,Samantha Sanders,ggilmore@example.net,basic,9.99,2024-08-13,2024-10-24,3,702,1
2178,Danielle Blankenship,catherineflynn@example.com,Premiun,19.99,2025-02-19,2025-04-01,3,512,0
1793,Amy Welch,robert84@example.net,premium,19.99,2025-12-16,2026-06-26,3,212,0
2096,Heather Wilson,gomezjason@example.com,Basic ,9.99,2025-07-01,2026-01-10,2,380,0
2432,Dustin Simon,kkidd@example.com,Basic,9.99,2025-12-15,2026-03-16,2,213,0
2928,Julie Thompson,samanthacarr@example.net,pro,39.99,2026-03-26,2026-04-26,4,112,1
2635,Jennifer Barrett,joyce21@example.org,Basic,9.99,2026-05-10,2026-06-18,0,67,0
2729,Jasmine Harris,barnettlisa@example.com,Pro ,39.99,2026-02-11,2026-06-18,3,155,0
1523,Corey Sandoval,angelagrant@example.net,PREM,19.99,2024-09-26,2025-11-20,5,658,1
1232,Jasmine Scott,deborah75@example.org,pro,39.99,2025-07-24,2026-05-16,5,357,1
1644,Hannah Smith,jamesdowns@example.org,Premium ,19.99,2025-09-21,2026-06-05,2,298,0
2560,Jamie French,jefferygomez@example.com,premium,19.99,2025-01-05,2025-06-15,3,557,1
1533,Joseph Flores,markwolfe@example.org,pro,39.99,2024-08-19,2026-01-10,5,696,1
2561,Kyle Harrison,parksanna@example.net,Pro ,39.99,2025-11-15,2026-03-04,1,243,0
1603,Michelle Sullivan,qgardner@example.org,PRO,39.99,2025-06-12,2025-08-26,3,399,1
2405,Marco Mcconnell,aguirrelarry@example.com,Pro,39.99,2024-09-28,2025-12-20,2,656,1
2074,Tonya Garcia,gabriel37@example.com,Basic,9.99,2026-03-25,2026-05-11,1,113,0
2469,Carrie Watkins,jaysmith@example.com,Premiun,19.99,2024-10-27,2025-05-26,0,627,0
1060,Brian Gould,xlyons@example.com,PREM,19.99,2024-11-09,2025-11-16,0,614,0
2659,Douglas Chapman,forozco@example.com,premium,19.99,2026-04-22,,1,85,1
1092,Jill Washington,andrea86@example.com,Premium,19.99,2026-04-28,2026-07-05,3,79,0
1666,Alison Butler,thomasfisher@example.net,PREM,19.99,2025-10-09,2025-12-29,1,280,0
1280,Danny Roberts,xcunningham@example.com,premium,19.99,2025-08-03,2025-09-11,1,347,1
2784,Carol Wood,stephaniejones@example.org,BASIC,9.99,2026-01-29,2026-02-27,1,168,0
1359,Melanie Morales,vpreston@example.net,Premiun,19.99,2024-12-28,2026-02-22,0,565,0
2221,Kristy Martin,alexandra39@example.net,PREM,19.99,2025-03-31,2026-01-10,1,472,1
2544,Kylie Bailey,james58@example.net,Basic,9.99,2025-04-29,2025-08-23,2,443,1
1847,Sarah Knight,christina65@example.org,BASIC,9.99,2024-09-26,2026-04-25,4,658,1
2424,Jessica Thomas,bateswilliam@example.org,BASIC,9.99,2026-01-03,2026-05-23,1,194,1
1110,Lauren Carson,daniel37@example.org,pro,39.99,2025-09-21,2026-06-29,1,298,0
1042,Renee Mcdaniel,michaeljones@example.net,pro,39.99,2026-04-20,2026-06-13,3,87,0
1125,Patrick Watson,angelawillis@example.net,Pro ,39.99,2025-08-12,2026-03-26,2,338,1
1204,Dwayne Klein,sandra47@example.org,Premium ,19.99,2024-12-03,,2,590,0
1052,Cynthia Rogers,taylorjesse@example.net,Basic,9.99,2024-10-29,2025-03-11,0,625,0
1545,Anita Gonzalez,tcastro@example.org,Basic ,9.99,2024-08-11,2026-05-22,3,704,1
1068,Cynthia Alvarez,bwest@example.org,Basic,9.99,2025-02-05,2025-09-05,0,526,1
2176,Crystal Edwards,steelesean@example.com,Basic ,9.99,2025-03-25,2025-09-09,2,478,1
2600,Ricardo Robertson,sobrien@example.com,Pro ,39.99,2024-08-06,2026-04-02,0,709,1
1183,Anna Davidson,georgeweber@example.net,PREM,19.99,2025-03-08,2026-06-08,0,495,0
1137,Robert Montgomery,christopher13@example.com,pro,39.99,2025-08-31,2026-02-14,0,319,1
1899,Michael Ball,lboyd@example.com,Pro ,39.99,2025-09-28,2025-10-16,1,291,0
1796,Natalie Martinez,jason88@example.com,PRO,39.99,2025-07-14,2026-04-17,0,367,1
1132,Karla Ramos,jason81@example.com,PREM,19.99,2025-05-11,2025-09-10,0,431,1
1080,Samantha Morse,smartinez@example.com,Premium ,19.99,2025-11-16,2026-07-02,0,242,0
2641,Jason Wong,hsmith@example.com,PREM,19.99,2025-09-01,2026-04-26,1,318,1
2593,Jessica Briggs,robertgood@example.com,Pro,39.99,2026-05-02,2026-05-10,0,75,1
1541,Joseph Green,jdean@example.net,Basic ,9.99,2025-11-16,,0,242,1
2701,Samantha Carlson,nrangel@example.net,Pro,39.99,2024-12-11,2025-07-13,0,582,1
1983,Anthony Rodriguez,juan56@example.org,Premium ,19.99,2025-02-23,2025-03-19,3,508,1
1165,Marvin Greer,epollard@example.net,Basic ,9.99,2024-11-19,2025-02-08,0,604,1
1248,Benjamin Frost,whitemelissa@example.org,Basic ,9.99,2026-05-19,2026-06-22,2,58,0
1446,Tracy Fitzgerald,ccrosby@example.org,PRO,39.99,2025-12-30,2026-02-13,1,198,1
2345,Brittany Pacheco,michaelbuckley@example.org,PRO,39.99,2024-08-04,2024-12-27,4,711,1
1858,Dr. John Perkins,clarkpatricia@example.com,Basic,9.99,2026-03-11,2026-04-30,1,127,0
1938,Gregory Myers,rosejustin@example.net,PRO,39.99,2026-04-22,2026-06-20,3,85,0
1097,Nathan Malone,williamsonjimmy@example.net,PREM,19.99,2026-04-20,2026-07-15,0,87,0
2568,Christie Marquez,mejiajoseph@example.org,Basic ,9.99,2025-07-23,2026-04-27,2,358,1
1737,Jason Randall,gmcdowell@example.org,Basic,9.99,2025-11-15,2026-03-18,1,243,0
2298,Jerry Scott,brooke22@example.net,Premiun,19.99,2025-02-01,2025-05-29,0,530,0
1102,Joyce Turner,gcastaneda@example.org,Premiun,19.99,2025-04-07,2025-09-20,1,465,1
1434,Elizabeth Walters,erica50@example.net,basic,9.99,2026-03-19,2026-04-04,2,119,1
1074,Austin Vasquez,hernandezlisa@example.com,BASIC,9.99,2024-09-12,2025-02-25,2,672,0
2854,Margaret White,dyersara@example.net,Basic,9.99,2025-10-05,2026-05-30,2,284,0
2242,Kylie Ford,hardinian@example.org,PRO,39.99,2024-11-21,2025-11-11,1,602,0
1918,Kevin Huerta,clarklatoya@example.com,Basic ,9.99,2025-09-10,2026-07-11,0,309,0
2770,Jesse Murphy,james32@example.com,PRO,39.99,2025-09-21,2025-11-23,3,298,1
2728,Samuel Hamilton,ysolomon@example.org,Pro ,39.99,2026-06-13,2026-06-16,1,33,0
2674,Ann Hernandez,ujones@example.net,Premium,19.99,2025-08-01,2026-04-15,2,349,1
1762,Barbara Henry,tfitzgerald@example.net,PRO,39.99,2025-09-10,2025-12-29,3,309,1
1989,Shawn Castaneda,patricia71@example.com,Pro,39.99,2024-08-31,2025-06-13,1,684,1
1388,Christine Jennings,turnerdorothy@example.net,Premiun,19.99,2025-07-14,2026-02-27,1,367,1
1235,David Munoz,randyallen@example.com,pro,39.99,2026-01-08,2026-03-20,3,189,1
2559,Jordan Hughes,xobrien@example.org,BASIC,9.99,2025-11-19,2026-04-11,3,239,1
1267,Tracie Jordan,garciajeffrey@example.net,Pro ,39.99,2025-07-13,2026-02-11,0,368,0
2489,Debbie Allen,williamsmegan@example.org,Premium,19.99,2025-06-15,2025-07-01,1,396,0
1117,Daniel Kane,kim90@example.com,Basic,9.99,2026-03-07,2026-03-25,0,131,1
2660,Anna Wright,bradleybarker@example.net,PREM,19.99,2024-11-08,2026-02-16,0,615,0
1673,Katie Holland,thomas49@example.net,basic,9.99,2024-10-25,2025-10-15,3,629,1
1249,Michelle Sanders,evansanne@example.net,Pro,39.99,2026-02-19,2026-04-17,0,147,1
2503,Melissa Nelson,warnertimothy@example.net,Basic,9.99,2025-11-11,2026-01-03,2,247,0
2244,Terri Hancock,lancegray@example.com,Pro,39.99,2024-11-16,2025-02-09,0,607,1
1094,Matthew Hoover,tylerjohnson@example.net,Basic ,9.99,2026-05-21,2026-06-08,4,56,0
1033,Mark Calderon,smithkellie@example.net,BASIC,9.99,2026-05-31,2026-06-07,1,46,0
1507,Danielle Wise,cwright@example.org,Premiun,19.99,2025-06-02,2026-04-13,3,409,1
2956,Benjamin Brown,khudson@example.org,Basic ,9.99,2025-10-08,2026-01-27,2,281,1
1448,Kelly Gallegos,beth92@example.com,pro,39.99,2025-10-15,2026-01-23,1,274,0
1716,Jose Fisher,dominguezbrianna@example.com,basic,9.99,2025-04-05,2025-10-04,1,467,0
2307,Michael Bryant,krausejoseph@example.com,Basic ,9.99,2024-09-16,2025-01-20,1,668,1
2898,Manuel Cole,smithgina@example.net,BASIC,9.99,2025-10-26,2025-12-28,1,263,1
1000,Allison Hill,donaldgarcia@example.net,Pro,39.99,2026-03-31,,2,107,1
2421,Tina Espinoza,smitchell@example.com,BASIC,9.99,2026-03-05,,0,133,0
2101,Aaron Lopez,sstevenson@example.org,Basic ,9.99,2024-11-11,2026-01-02,0,612,0
2108,Jessica Clark,leestephanie@example.net,Pro ,39.99,2024-09-28,2025-03-26,4,656,1
1746,Roger Acosta,robertortiz@example.org,BASIC,9.99,2024-08-04,2026-06-29,1,711,0
1082,Sara Johnston,keyemily@example.com,Basic,9.99,2025-08-22,2026-04-29,2,328,0
2331,Cheryl Jones,dmeyers@example.com,Premium,19.99,2026-03-29,2026-07-15,3,109,0
1676,Diana Johnson,frhodes@example.net,Premiun,19.99,2025-04-17,2025-11-26,3,455,1
2501,Andrew Wilson,joseconrad@example.org,BASIC,9.99,2024-10-07,2025-11-22,1,647,1
2046,Carmen Bailey,iolson@example.net,Pro,39.99,2026-01-14,2026-07-09,0,183,0
1770,Rhonda Clark,burgesscassandra@example.net,Premiun,19.99,2024-09-27,2025-09-13,0,657,1
2962,Michaela Hernandez,kylechase@example.org,Premium ,19.99,2024-07-25,,0,721,0
2323,Jaime Garcia,joshua57@example.com,Pro ,39.99,2024-09-30,2024-12-26,1,654,1
2766,Scott Ayers,castropeter@example.com,BASIC,9.99,2024-08-01,2025-11-05,5,714,1
2541,Robert Stark,mary95@example.com,Pro,39.99,2026-03-05,2026-05-06,1,133,1
1404,Anthony Walker,xrivera@example.net,Pro ,39.99,2025-09-07,2026-04-18,0,312,0
2787,Mitchell Ford,patelkatie@example.com,Premiun,19.99,2025-07-13,2025-08-14,1,368,0
2342,Rhonda Liu,beanjoshua@example.net,Premiun,19.99,2026-04-04,2026-04-08,1,103,0
2384,Kimberly Sanders,gonzalezchristopher@example.net,Premium,19.99,2026-04-16,2026-06-15,1,91,0
1104,Natasha Wall,kimberly39@example.com,Premium,19.99,2024-12-15,2025-04-03,3,578,1
1688,Heidi Ferguson,madeline02@example.net,Basic,9.99,2025-01-27,2026-03-19,0,535,1
2756,Mary Johnson,xhill@example.org,basic,9.99,2026-05-20,2026-05-23,0,57,1
1826,Justin Horton,ifarmer@example.org,Basic,9.99,2026-01-17,2026-05-13,0,180,0
2240,Philip Hernandez,christopher70@example.com,Pro ,39.99,2025-09-13,2026-04-11,3,306,1
1062,Miguel Jones,curtisbarton@example.net,Pro ,39.99,2025-09-08,2025-10-15,0,311,1
1852,Brian Decker,nicholascobb@example.org,Pro,39.99,2025-03-08,2025-06-20,0,495,0
2815,Alan Davis DVM,thomasjames@example.com,PREM,19.99,2025-08-03,2026-02-06,1,347,0
1223,Michael Stanley,desireebailey@example.org,basic,9.99,2026-06-09,2026-06-23,3,37,1
1145,Miguel Wagner,benjaminzimmerman@example.com,Premium,19.99,2025-07-16,2026-02-23,0,365,0
2088,Michael Conner,knelson@example.org,PRO,39.99,2025-08-27,2025-10-04,2,323,1
1373,Lauren Cooley,matthewreeves@example.net,basic,9.99,2025-07-24,2026-04-30,3,357,1
2509,Gregory Carter,alowe@example.com,Basic,9.99,2026-05-18,2026-05-23,3,59,1
2142,Steven Castaneda,gonzalescolleen@example.org,PRO,39.99,2025-08-17,2025-09-28,0,333,0
2891,Raymond Duran,elizabethnewman@example.net,Pro ,39.99,2025-12-16,2026-03-29,1,212,1
2547,Richard Greer,paigepacheco@example.com,Premium,19.99,2025-01-02,2025-09-30,0,560,1
2655,Lori Santiago,cody79@example.org,Premiun,19.99,2026-03-30,2026-05-04,2,108,1
2313,Jeremiah Rowland,tonyflores@example.net,pro,39.99,2025-06-09,2025-08-13,1,402,0
1009,Justin Baker,zhurst@example.com,PRO,39.99,2024-12-15,2026-07-14,1,578,0
1449,Sara Black,okaufman@example.net,PRO,39.99,2025-04-25,2026-04-25,0,447,0
1708,Mary Meyer,msparks@example.com,premium,19.99,2025-10-21,2026-03-01,3,268,1
1255,Jeffrey Hawkins,fgarcia@example.com,Basic ,9.99,2025-08-06,2026-02-27,1,344,0
1882,Megan Murray,julie36@example.org,Pro ,39.99,2024-07-22,2024-10-13,2,724,1
1389,Jennifer Roach,campbellkristen@example.com,Pro ,39.99,2024-12-01,2025-03-29,2,592,1
1908,Nicole Bailey,xreid@example.net,BASIC,9.99,2024-08-24,2025-05-17,3,691,0
1924,Angela Patterson,shatfield@example.org,premium,19.99,2025-12-10,2026-02-12,2,218,1
2896,Jennifer Wells,willie16@example.com,Pro ,39.99,2026-06-07,2026-06-17,0,39,0
2273,Ashley Hunt,morgandana@example.com,Pro ,39.99,2025-05-06,2025-05-15,5,436,1
1460,Rachel James,colemanjonathan@example.org,premium,19.99,2026-04-13,2026-04-20,1,94,1
1247,Anna Rice,hallrachel@example.net,pro,39.99,2026-03-28,2026-05-19,2,110,0
2789,Chad Moore,nguyenchristine@example.net,BASIC,9.99,2026-02-06,2026-06-22,2,160,0
2168,Shannon Riley,tranjeremy@example.net,Pro ,39.99,2026-06-09,2026-07-15,0,37,1
1958,Brent Petty,nicholasgarcia@example.org,Basic,9.99,2024-11-15,2026-01-31,1,608,0
1501,Dennis Henderson,zacharymarsh@example.net,Premium ,19.99,2026-01-31,2026-05-24,2,166,1
1739,Brandy Morales,lee11@example.org,pro,39.99,2025-01-05,2026-02-06,1,557,0
2916,James Stevens,riceamber@example.net,Premiun,19.99,2025-08-07,2026-06-10,1,343,0
1868,Gina Barnes,sfarmer@example.net,Basic ,9.99,2025-02-09,,1,522,0
1731,Brian Lewis,scott49@example.org,Premium ,19.99,2025-06-23,2025-11-15,0,388,0
1539,Michael Moore,rodriguezbrian@example.net,pro,39.99,2026-04-24,2026-07-05,0,83,1
2201,Sharon Burke,anthonyadams@example.org,PREM,19.99,2026-03-29,2026-06-22,0,109,0
1697,Tracey Jackson,beltrancorey@example.org,Premiun,19.99,2026-04-20,2026-07-03,2,87,0
2453,Gabriela Pratt,vrussell@example.org,Pro,39.99,2026-05-06,2026-06-26,2,71,0
2423,John Rodriguez,whitakerjack@example.net,Premium ,19.99,2026-01-30,2026-03-11,2,167,1
2145,Emily Montgomery,aguilarsharon@example.com,Pro,39.99,2025-10-15,2025-10-23,2,274,1
2031,Christian Ford,cisnerosjesse@example.org,basic,9.99,2026-01-31,2026-05-19,3,166,1
1372,Mary Becker,rioswhitney@example.com,pro,39.99,2026-04-10,2026-05-19,2,97,1
1667,Shane Hall,robert55@example.com,PRO,39.99,2025-09-03,2026-04-11,4,316,1
2578,Charles Bowman,phillipsbrian@example.com,Pro ,39.99,2026-04-12,2026-07-05,1,95,0
1357,Charles Matthews,buckleyanna@example.org,Basic ,9.99,2026-01-16,2026-06-22,1,181,0
1967,Haley Gamble,lawsontami@example.net,Premiun,19.99,2026-04-27,2026-06-27,4,80,0
1783,David Hawkins DVM,nicole52@example.org,Pro,39.99,2026-02-14,2026-06-29,0,152,0
1735,Jenna Spence,kevin34@example.org,Premiun,19.99,2026-03-08,2026-03-28,1,130,0
2035,Edward Jones,michael12@example.net,Premium,19.99,2026-01-06,2026-02-24,0,191,0
1970,Aaron Welch,trobinson@example.net,Basic ,9.99,2025-07-10,2026-06-06,0,371,0
2936,Kurt Ramirez,amiranda@example.net,premium,19.99,2024-09-14,2025-11-06,2,670,0
2645,Sheila Nguyen,hgray@example.net,PREM,19.99,2025-01-23,2026-01-15,1,539,1
2827,Anthony Marquez,christopher04@example.com,Pro ,39.99,2026-05-24,2026-07-13,1,53,0
2576,Sean Gibbs,deborahturner@example.org,Basic,9.99,2024-10-22,2026-05-14,3,632,1
2394,Amy Gomez,ashley09@example.com,premium,19.99,2025-05-12,,0,430,1
2543,Amy Soto,nancy98@example.org,pro,39.99,2025-02-19,2026-05-28,1,512,1
2704,Robert Moore,catherinewagner@example.org,premium,19.99,2024-12-30,2025-06-02,3,563,0
2252,James Flowers,jennifer95@example.com,PREM,19.99,2025-11-01,2026-01-17,2,257,1
2752,Beth Sellers,lauren93@example.net,Pro ,39.99,2026-02-24,2026-04-26,3,142,1
2774,John Nelson,jimmypalmer@example.net,Premiun,19.99,2026-03-06,2026-04-20,1,132,0
2236,Lynn Henry DDS,johnsonanthony@example.net,BASIC,9.99,2024-10-30,2026-02-01,0,624,0
1885,Caroline Powers,byrderic@example.com,BASIC,9.99,2024-11-16,2026-01-23,2,607,0
1079,Brian Walker,rebekahserrano@example.org,Basic,9.99,2024-08-25,2026-02-22,1,690,1
2172,Susan Johnson,lindseydixon@example.net,PREM,19.99,2025-07-05,2026-02-08,0,376,1
1814,Timothy Morgan Jr.,heathlogan@example.com,Pro,39.99,2024-09-16,2026-07-02,0,668,0
2328,Rebecca Decker,durhamwilliam@example.org,Basic,9.99,2025-08-15,2026-07-14,0,335,0
1671,Daniel Mann,tiffany25@example.com,premium,19.99,2025-07-27,2025-09-22,1,354,1
1572,Denise Rose,heathersalazar@example.org,basic,9.99,2025-08-18,2026-07-09,5,332,1
1057,Joel Williams,dmurphy@example.com,Basic,9.99,2025-03-08,2026-05-17,0,495,0
1133,Katelyn Estrada,walkertracey@example.org,Basic ,9.99,2024-07-20,2025-02-23,1,726,0
2140,Anne Johnson,patriciaward@example.com,Premiun,19.99,2025-08-16,2026-05-31,0,334,1
1933,Matthew Garza,fosteramanda@example.com,Pro,39.99,2025-02-21,2026-04-13,0,510,1
2742,Susan Figueroa,kcontreras@example.org,Basic ,9.99,2024-09-05,2026-03-25,2,679,0
1823,Christopher Ferguson,turnerrandall@example.org,premium,19.99,2026-02-16,2026-06-04,0,150,0
2214,Charles Soto,davisgary@example.com,BASIC,9.99,2025-09-03,2025-09-29,0,316,0
1504,Brian Adams,oacosta@example.org,PREM,19.99,2024-10-28,2025-09-01,3,626,1
2938,Amanda Cook,michaelhoffman@example.net,pro,39.99,2025-04-23,2026-02-24,0,449,1
1347,Daniel Lee,donna43@example.org,PREM,19.99,2024-08-18,2025-09-20,2,697,1
1386,Michael Conner,qmcdowell@example.net,BASIC,9.99,2025-09-24,2026-03-18,1,295,1
2024,Beth Lewis,robinsonisaiah@example.net,Premium,19.99,2026-05-29,2026-06-27,1,48,0
1894,Vanessa Estrada,rogerscharlotte@example.net,PRO,39.99,2025-05-25,2025-12-24,2,417,0
1828,Christopher Tate,martinezmitchell@example.org,premium,19.99,2025-05-22,2025-08-23,2,420,1
2961,James Mitchell,lmedina@example.net,Pro ,39.99,2024-08-26,2025-01-01,0,689,0
1475,Crystal Stewart,zachary04@example.org,Basic,9.99,2025-02-01,,2,530,0
2927,Colleen Padilla,robert07@example.org,Basic,9.99,2024-12-09,2025-02-26,1,584,1
1374,Megan Romero,marywalter@example.org,premium,19.99,2025-02-05,2025-10-10,1,526,0
2444,Jennifer Hoffman,rgraves@example.net,Premium,19.99,2026-02-28,2026-04-03,0,138,0
1652,Stephen Munoz,belindatran@example.org,basic,9.99,2024-09-13,2026-04-11,2,671,1
1172,Robert Shelton,thomascathy@example.com,PRO,39.99,2024-08-08,2024-09-24,0,707,1
2149,Eric Horn,andrewbrown@example.org,Premiun,19.99,2025-07-23,2026-05-26,0,358,0
1038,Andrew Ruiz,lisastevens@example.com,Basic,9.99,2026-02-09,2026-06-25,1,157,0
1713,Erica Johnson,andersonmichael@example.net,premium,19.99,2025-08-27,2026-05-01,1,323,1
1090,Mr. Jesus Thomas,sandraromero@example.org,Premium ,19.99,2026-03-11,2026-04-15,1,127,0
2731,Amy Russell,michelleboyd@example.net,Premium ,19.99,2026-05-10,2026-06-22,0,67,0
2205,Felicia Gomez,penaapril@example.com,Premium ,19.99,2025-07-24,2026-07-10,1,357,0
1875,Mary Moore,briana87@example.com,premium,19.99,2024-12-03,2026-07-10,0,590,0
2395,Brandi Foster,scollins@example.net,Pro,39.99,2025-02-13,2025-06-13,0,518,1
2958,Dana Mendoza,heather23@example.net,pro,39.99,2024-11-27,2026-04-16,2,596,1
2093,Michelle Rios,sloanjeffery@example.com,Basic ,9.99,2025-04-10,2025-11-05,2,462,1
2155,Eric Richardson,misty38@example.com,PREM,19.99,2025-02-23,2025-11-25,3,508,0
2324,Erika Rowe,jholloway@example.net,Pro,39.99,2025-02-09,2025-05-24,1,522,1
2834,Kimberly David,hooveranna@example.net,Premium ,19.99,2026-03-07,2026-05-28,0,131,0
1029,Marc Hart,jonesjason@example.com,Basic,9.99,2024-10-15,2025-05-26,1,639,1
1499,Thomas Arroyo,xevans@example.com,Pro,39.99,2026-01-24,2026-05-07,0,173,1
1338,Morgan Kim,lbanks@example.net,Basic ,9.99,2026-05-24,2026-06-29,3,53,0
2188,Dwayne Tucker,nicoleroberts@example.com,Basic ,9.99,2026-06-07,2026-07-06,1,39,0
1028,Emily Baker,emilyevans@example.com,Premium ,19.99,2026-04-26,2026-07-10,0,81,0
2217,Jonathan Chung II,gfletcher@example.net,Basic ,9.99,2026-03-08,2026-07-15,1,130,0
2530,Jennifer Johnson,bgrant@example.org,Premium,19.99,2024-08-29,2025-02-25,2,686,0
2885,Crystal Wolf,bpeterson@example.com,Basic ,9.99,2025-11-14,2026-05-10,0,244,0
1945,Adam Wilson,burnselizabeth@example.net,Basic,9.99,2024-12-19,2025-11-20,0,574,0
1169,Kathleen Jimenez,laurie61@example.com,pro,39.99,2025-09-09,2026-05-21,1,310,0
2452,Alexandra Berry,oscar76@example.com,Basic,9.99,2024-08-09,2025-11-26,2,706,1
2197,Justin Clark,benjaminwatts@example.net,basic,9.99,2025-04-07,2026-01-03,2,465,1
2253,Sherry Hines,fisherkim@example.net,Pro ,39.99,2025-04-21,2025-05-03,0,451,0
2446,Laurie Huerta,sarah99@example.org,Premium ,19.99,2025-05-24,2025-06-01,0,418,1
1912,Mary Reyes,jessica11@example.net,Basic ,9.99,2025-08-19,2026-05-09,0,331,1
1491,Darren Stewart,jennifer96@example.com,Basic ,9.99,2026-03-28,2026-06-21,5,110,1
1953,Ronnie Bernard,brittanyramirez@example.net,PRO,39.99,2025-09-23,2025-10-15,2,296,1
2097,Dominic Davis,bdennis@example.org,Premiun,19.99,2025-02-05,2025-09-04,0,526,0
2032,Candace Stuart,seth25@example.com,Premiun,19.99,2025-03-24,2026-05-08,2,479,0
1587,Patricia Lambert,edward41@example.org,Basic ,9.99,2026-05-16,2026-06-19,3,61,0
1750,Walter Hansen,jorgegordon@example.com,Basic ,9.99,2026-03-21,2026-04-05,4,117,1
1657,Kelly Silva,iford@example.net,pro,39.99,2025-04-24,2026-04-12,2,448,1
1234,Sean Cook,lewisjames@example.net,Premium,19.99,2024-10-05,2026-07-15,0,649,0
1732,Emily Coleman,sylviasuarez@example.org,Premiun,19.99,2025-03-26,2026-03-02,2,477,1
1212,Scott Prince,frobertson@example.com,Pro,39.99,2025-10-26,2025-12-13,1,263,1
2686,Dr. Jose Gray DDS,rossjohn@example.net,basic,9.99,2024-08-29,2025-12-19,1,686,0
2156,Gregory Jenkins,nramirez@example.org,premium,19.99,2026-02-23,2026-05-08,2,143,0
2521,Jamie Estes PhD,wellsamy@example.org,Pro ,39.99,2025-01-02,2026-04-12,0,560,1
2474,Jaclyn Waller,smithmitchell@example.org,PRO,39.99,2024-12-08,,0,585,1
2681,Glenn Ward,alyssa66@example.net,PRO,39.99,2024-10-09,2025-07-02,1,645,1
1934,Daniel Frazier,carolynthomas@example.net,Basic,9.99,2026-03-01,,2,137,1
2209,Angela Wagner,vsmith@example.net,Basic ,9.99,2025-09-11,2025-10-27,2,308,1
2065,Heather Allen,kennethnichols@example.org,BASIC,9.99,2025-12-05,2026-06-02,1,223,0
1108,Regina Mcdonald,taylortammy@example.net,Premiun,19.99,2025-12-03,2026-07-11,3,225,0
2726,George Bradshaw,kingjames@example.com,premium,19.99,2025-04-20,2025-06-26,2,452,1
1568,Diana Fuller,brandonhernandez@example.net,Pro,39.99,2025-03-16,2025-05-25,0,487,1
2167,Bethany Mccoy,monicadouglas@example.org,pro,39.99,2024-10-03,2024-10-28,1,651,1
2174,Courtney Gordon,hryan@example.net,premium,19.99,2026-01-24,2026-05-09,1,173,0
1890,Taylor Foster,nmartinez@example.org,Basic,9.99,2025-03-21,2025-06-12,4,482,1
1947,Arthur Stout,richardhaynes@example.com,Pro,39.99,2025-08-08,2026-02-07,1,342,0
2048,Erica Downs,alexis72@example.com,Pro,39.99,2026-03-12,2026-03-26,1,126,0
2732,Amber Richardson,joseph77@example.com,PREM,19.99,2025-09-07,2026-01-06,0,312,0
2422,Philip Foster,stephaniepeters@example.com,pro,39.99,2024-12-02,2025-10-04,0,591,1
2693,Nicholas Anderson,nunezmatthew@example.com,Pro,39.99,2025-11-07,2025-11-21,0,251,0
1884,John Ramirez,georgesmith@example.org,Basic ,9.99,2024-11-16,2025-01-30,1,607,1
2730,Tony Brooks,salazarjoshua@example.com,Pro,39.99,2025-09-28,2025-10-19,2,291,1
1850,Brian Roberts,crystaldurham@example.com,Pro,39.99,2024-08-14,2024-09-03,3,701,1
1734,Juan Parker,rebecca18@example.org,pro,39.99,2026-03-07,2026-04-26,0,131,1
1717,Rhonda Garcia,matthewshaw@example.net,pro,39.99,2025-03-09,2026-01-06,2,494,0
1454,Linda Elliott,johnsjessica@example.com,Basic ,9.99,2026-05-09,2026-05-23,0,68,1
1264,Matthew Espinoza,mjones@example.com,BASIC,9.99,2025-08-26,2026-02-15,0,324,0
1075,Jennifer Carlson,kimberlyjames@example.com,PREM,19.99,2025-02-08,2025-12-12,2,523,0
2877,Jaclyn Lindsey,ologan@example.org,pro,39.99,2026-01-05,2026-03-10,2,192,0
1444,Mrs. Patricia Diaz MD,dennis88@example.org,BASIC,9.99,2025-04-18,2025-12-01,0,454,1
1395,Grant Wilson,rrivers@example.com,pro,39.99,2025-11-09,2026-03-08,1,249,1
1176,Chad Jones,rachelwallace@example.org,pro,39.99,2026-02-02,2026-07-10,1,164,0
2042,Ashley Gibson,stacythomas@example.org,Basic,9.99,2025-02-24,2025-03-11,1,507,1
2920,William Tran,juareztina@example.net,pro,39.99,2025-03-29,2025-06-02,1,474,1
2449,William Simpson,xfrey@example.com,Pro,39.99,2024-11-26,2025-05-12,1,597,1
2563,Gregory Adams,timothy23@example.net,Pro,39.99,2025-10-09,2026-03-25,1,280,0
2427,Ryan Guzman,angela28@example.com,Premium ,19.99,2024-08-23,2025-12-09,3,692,1
1595,Rebecca Patel,pgarza@example.net,pro,39.99,2025-01-01,2025-03-31,1,561,1
1061,Ashley Weiss,daniel04@example.net,Premiun,19.99,2025-11-01,2026-07-05,1,257,0
2296,Rebecca Bowen,robert52@example.org,Premium ,19.99,2026-01-22,2026-02-27,1,175,1
1872,Ronald Morrison,lopezchad@example.com,Pro,39.99,2025-01-29,2025-06-02,2,533,1
2542,Peter Franco MD,taylordavis@example.com,Pro ,39.99,2026-05-28,2026-06-23,1,49,0
2946,Kyle Parks,markphillips@example.com,basic,9.99,2025-11-04,2025-11-17,2,254,1
1278,Sharon Crane,ytaylor@example.net,Premium,19.99,2025-07-03,2026-01-06,1,378,0
2392,Vanessa Nicholson,stevenandrews@example.org,Basic ,9.99,2025-06-02,2025-11-28,0,409,0
1036,Justin Baxter,sarayoung@example.org,BASIC,9.99,2026-05-29,2026-07-06,0,48,0
2568,Christie Marquez,mejiajoseph@example.org,Basic ,9.99,2025-07-23,2026-04-27,2,358,1
1662,Lauren Haley,karenhodges@example.com,Basic,9.99,2025-03-18,2025-07-25,1,485,1
2870,Timothy Small,bellchad@example.org,Basic ,9.99,2025-05-06,2026-03-19,1,436,1
2494,Jenna Santos,mjohnson@example.net,Premiun,19.99,2025-10-28,2026-05-16,2,261,1
1977,Phillip Macias,ganderson@example.org,PRO,39.99,2024-10-11,2025-05-20,2,643,0
2624,Karen Middleton,anthony66@example.org,Pro ,39.99,2026-01-31,2026-06-08,2,166,0
1738,Lance Li,shawn00@example.net,Basic ,9.99,2025-10-07,2026-04-02,1,282,1
1191,Megan Mitchell,booneryan@example.com,BASIC,9.99,2025-12-06,2026-05-24,1,222,1
1919,Tara Kennedy,cassandra55@example.net,Basic ,9.99,2026-03-30,2026-07-15,1,108,0
1456,Deborah Ramsey,sandra99@example.org,BASIC,9.99,2024-12-22,2025-07-30,3,571,1
2417,Kyle Howell,nicole69@example.net,PRO,39.99,2026-03-11,2026-05-29,2,127,1
1675,Ryan Griffin,nguyencathy@example.org,Basic ,9.99,2025-08-27,2025-11-06,1,323,1
1760,Natasha Payne,qdavis@example.org,BASIC,9.99,2024-12-30,2026-03-09,1,563,0
2871,Kyle Mullins,uclark@example.org,Pro ,39.99,2025-04-28,2026-03-08,0,444,0
2656,Heather Blake,trevor68@example.org,pro,39.99,2025-11-09,2025-12-04,1,249,0
1728,Jennifer Cox,sandersmary@example.org,Pro ,39.99,2024-12-27,2025-11-15,1,566,0
2399,Laura Rush,yballard@example.net,PRO,39.99,2025-06-12,2026-05-16,3,399,1
1412,Stacey Hunt,jennifer83@example.org,PREM,19.99,2024-12-08,2026-01-29,0,585,1
2098,Kendra Snyder,drodriguez@example.net,Pro ,39.99,2025-01-05,,3,557,1
1825,Tyler Murphy,deborahsmith@example.com,BASIC,9.99,2024-07-17,2024-07-23,1,729,1
2549,Mrs. Chelsea Villa,jgibson@example.net,Premium ,19.99,2026-02-09,2026-04-30,3,157,1
1616,James Guerrero,jasonnavarro@example.com,pro,39.99,2024-08-22,2025-02-21,3,693,1
1114,Michael Robinson,xsampson@example.org,pro,39.99,2026-06-01,2026-06-17,4,45,1
1417,Sharon Newton,yyoung@example.net,BASIC,9.99,2025-02-01,2026-01-19,1,530,1
2979,Samuel Anderson,ijimenez@example.net,Basic ,9.99,2026-03-20,2026-04-17,2,118,1
1969,Wayne Morgan,marierosales@example.org,Pro ,39.99,2025-02-03,2025-10-16,2,528,0
1604,Tim Larsen,keithsalas@example.org,basic,9.99,2024-10-16,2024-11-30,1,638,1
2989,Latoya Cooper,deborah62@example.com,Premium ,19.99,2024-11-24,2026-04-15,0,599,1
1089,Travis Holland,tyronemoran@example.net,Basic,9.99,2025-11-20,2026-02-26,2,238,0
1848,Kathleen Mora,heatherowens@example.org,Premium,19.99,2024-12-29,2026-02-16,2,564,1
2572,Andrea Bennett,mitchellallison@example.com,pro,39.99,2025-11-01,2026-02-10,2,257,1
2987,Angela Hunt,dcox@example.com,pro,39.99,2025-08-25,2026-05-05,0,325,1
1753,Katherine Dodson,jbrown@example.org,basic,9.99,2024-12-22,2025-01-11,3,571,0
1498,David Torres,millskatherine@example.org,premium,19.99,2025-03-12,2025-10-28,0,491,1
2276,Jonathan Williams,rbrowning@example.com,Pro ,39.99,2025-01-21,2025-08-29,2,541,0
2325,David Armstrong,angela40@example.org,Pro,39.99,2026-01-06,2026-01-18,0,191,1
1011,Zachary Rice,frazierdanny@example.net,PRO,39.99,2025-12-22,2026-05-29,0,206,0
1396,Stephen Jackson,heatherbrown@example.org,BASIC,9.99,2024-09-25,2026-05-18,0,659,1
1284,Renee Hudson,candice25@example.net,Pro,39.99,2025-02-04,2025-12-02,2,527,1
2066,David Williams,donovancourtney@example.net,PRO,39.99,2026-06-04,2026-07-10,2,42,0
2191,Monique Meyer,hphillips@example.net,Basic,9.99,2025-11-21,2026-06-09,1,237,0
2440,Oscar Farmer,wstewart@example.net,Premium ,19.99,2025-07-21,2026-03-04,2,360,1
2805,Anna Gonzalez,desiree83@example.org,Pro ,39.99,2025-09-16,2025-11-14,1,303,0
2450,Sydney Burns,brettallen@example.com,Premium,19.99,2025-01-15,2026-07-13,1,547,0
1690,Tiffany Mathis,butlersabrina@example.org,Premium ,19.99,2026-02-08,2026-07-03,1,158,0
2608,Carly King,tuckervanessa@example.org,BASIC,9.99,2024-08-13,2024-11-19,1,702,1
2943,Anthony Ward,michael56@example.org,Pro ,39.99,2024-12-06,2025-03-23,2,587,1
1689,Thomas Martin,ericwalker@example.org,pro,39.99,2026-01-22,2026-04-29,1,175,0
1851,Christopher Mcclure,matthewspencer@example.org,Pro ,39.99,2024-11-29,2025-03-13,0,594,0
1159,Olivia Harrison,bullockandrew@example.org,premium,19.99,2026-02-19,2026-05-10,1,147,0
1895,Kathy Bush,hallchristina@example.org,PREM,19.99,2025-02-16,2026-03-03,1,515,1
2628,John Anderson,wheeleranna@example.org,BASIC,9.99,2025-09-03,2026-01-30,0,316,1
1257,Laura Jackson,rjackson@example.com,premium,19.99,2025-01-18,2025-04-07,2,544,1
1335,Anthony Guzman,foxaaron@example.net,Pro ,39.99,2024-12-03,2025-02-17,3,590,1
2948,Dr. Mary White DVM,monica00@example.org,Pro,39.99,2026-03-08,2026-06-14,1,130,0
2039,Brittney Garcia,zmoore@example.org,basic,9.99,2024-12-18,2026-05-04,0,575,0
1515,Denise Guerra,caseymoore@example.com,Basic ,9.99,2026-02-08,2026-05-04,1,158,0
2348,Daniel Barnes,rodriguezthomas@example.com,PREM,19.99,2026-03-06,2026-05-15,4,132,1
2015,Janice Carpenter,xrose@example.net,premium,19.99,2026-02-02,2026-03-09,0,164,0
1768,David Miller,wilsondorothy@example.org,premium,19.99,2026-01-16,2026-06-17,1,181,0
2807,Chris Hernandez,ericdelacruz@example.net,Basic ,9.99,2026-05-18,2026-06-11,1,59,0
1761,Alex Clark,schan@example.net,BASIC,9.99,2025-12-23,,2,205,0
2246,Jack Barton,rgallegos@example.org,Basic,9.99,2024-08-09,2026-03-21,2,706,1
2203,Mr. Mark Williams,kortiz@example.org,Basic,9.99,2025-07-25,2026-04-28,2,356,0
2519,Tamara Reid,sheltontiffany@example.com,BASIC,9.99,2025-02-23,2025-03-10,0,508,1
2123,Charles Yang,rtaylor@example.net,Pro ,39.99,2026-03-03,2026-04-12,0,135,0
1521,Robert Brown,yshort@example.net,Basic ,9.99,2024-08-24,2025-10-24,1,691,1
1022,Robert Chase,williamsyvette@example.org,Pro ,39.99,2026-05-24,2026-07-12,1,53,0
1356,James Nguyen,april09@example.net,Premium,19.99,2025-07-15,2025-12-15,1,366,1
2277,Jason Anderson,steven51@example.org,PRO,39.99,2024-12-19,2026-01-29,6,574,1
2312,Jordan Palmer,joseph83@example.com,Pro,39.99,2025-01-23,2025-11-21,1,539,1
2740,Molly Jackson,brandon64@example.net,Premium,19.99,2024-08-14,2026-03-10,1,701,0
1340,Tiffany Myers,whitelucas@example.net,Basic,9.99,2024-12-16,2025-11-07,0,577,1
1431,Eugene Price,nicholsdarlene@example.net,BASIC,9.99,2024-08-28,2026-01-22,4,687,1
1473,Sherri Li,heather69@example.com,PREM,19.99,2026-01-04,2026-05-30,1,193,1
1217,Melanie Larson,foxallison@example.com,pro,39.99,2024-09-07,2025-09-23,1,677,1
1911,Valerie Miller,nancymartin@example.com,Pro,39.99,2025-01-08,2025-06-24,0,554,1
2227,Raymond Vargas,tammy97@example.org,BASIC,9.99,2024-11-09,2026-03-04,1,614,0
2649,Hannah Newman,rharris@example.com,Pro,39.99,2026-05-20,2026-06-04,1,57,0
2011,Derek Meadows,mccormickmichelle@example.org,BASIC,9.99,2026-01-10,2026-02-06,1,187,1
1674,Jessica Norris,imccullough@example.net,BASIC,9.99,2025-08-04,2025-11-18,3,346,1
1093,Mrs. Janet Chase,vwilliams@example.com,premium,19.99,2025-11-20,2026-06-01,1,238,0
2008,Stephen Carson,vasquezvicki@example.org,BASIC,9.99,2024-09-24,2026-06-16,0,660,0
2070,Autumn Cooper,timothy99@example.net,PRO,39.99,2024-07-18,2025-08-01,1,728,1
2092,Robert Lopez,petersonlisa@example.net,Premiun,19.99,2025-07-09,2025-11-02,0,372,1
2741,Dustin Brown,qharris@example.org,Premiun,19.99,2025-04-19,2025-12-16,1,453,1
2308,Amy Leach,bruce33@example.net,PREM,19.99,2025-12-30,2026-04-03,2,198,1
1696,Kevin Bell,williamjones@example.net,Basic ,9.99,2025-12-31,2026-04-14,1,197,1
2856,Justin Garcia,ernestmahoney@example.net,Premium ,19.99,2025-12-29,2026-06-11,0,199,0
1996,Stacey Baker,rickycarr@example.com,BASIC,9.99,2026-06-04,2026-06-30,3,42,1
2458,Tammy Lopez,smithlatasha@example.org,Pro ,39.99,2024-12-09,2026-01-31,5,584,1
1153,Dustin Goodman,pyoung@example.com,Pro ,39.99,2026-05-21,2026-07-03,0,56,0
2099,Brian Jacobson,john81@example.com,pro,39.99,2024-12-20,2025-12-10,1,573,1
2777,Kimberly Morgan,yoconnell@example.com,BASIC,9.99,2026-01-17,2026-06-17,3,180,0
1361,Roger Adams,fjacobs@example.org,Pro ,39.99,2025-05-20,2026-06-09,1,422,0
1789,Patricia Smith,gpeterson@example.org,basic,9.99,2024-09-12,2025-05-20,1,672,1
1580,Joshua Clark,lauren51@example.org,Basic ,9.99,2025-01-27,2025-02-12,1,535,1
2470,James Torres,jeremy79@example.net,Premium ,19.99,2025-06-29,2025-12-12,1,382,1
1703,Kevin Garcia,calvinhester@example.com,Premium,19.99,2024-12-02,,1,591,0
2212,Duane Warner,patrickkaiser@example.net,Pro ,39.99,2025-04-16,2025-10-02,0,456,1
2295,Kayla Banks,gcobb@example.org,Basic ,9.99,2026-02-27,2026-06-12,1,139,0
2723,Autumn Thomas,jpeterson@example.org,Basic ,9.99,2025-04-25,2026-04-01,1,447,1
2260,Alyssa Blackwell,katrinawood@example.com,basic,9.99,2025-07-01,2025-07-01,0,380,1
1487,Daniel King,colematthew@example.com,premium,19.99,2025-03-24,2025-12-16,1,479,1
1559,Victoria Williams,oblack@example.org,Premium,19.99,2024-11-24,2025-08-14,0,599,0
2141,Michael Rosario,nlee@example.net,Pro,39.99,2026-02-14,2026-05-01,3,152,1
2119,Allison Wang,camposchristina@example.com,BASIC,9.99,2026-01-16,2026-05-01,1,181,1
1801,Brandon Coleman,thomasgriffin@example.com,Pro,39.99,2025-10-31,2026-02-11,4,258,1
1512,Amy Kelly,jacquelinemoody@example.org,PRO,39.99,2025-06-21,2025-10-22,1,390,1
1633,Heather Miller,imoss@example.org,PREM,19.99,2024-11-27,2026-01-29,2,596,0
2531,Heather Morales,rebeccahutchinson@example.org,PREM,19.99,2024-07-31,2024-09-30,0,715,1
2850,Lindsay Henderson,stevengoodwin@example.net,Premium,19.99,2026-05-06,2026-06-22,1,71,0
2876,Rachel Parker,tami38@example.net,pro,39.99,2024-08-04,2024-11-05,1,711,1
2150,Nancy Tran,hughesnicholas@example.org,Premium,19.99,2025-05-11,2025-11-10,0,431,1
1790,Heather Ortega,karenmoreno@example.org,Basic,9.99,2024-10-19,2025-07-18,0,635,0
1116,Alison Buchanan,vanessabuchanan@example.org,BASIC,9.99,2024-09-01,2026-02-05,2,683,1
2497,Alexander Smith,michelleclark@example.net,Basic,9.99,2025-04-13,2025-09-10,2,459,1
1740,Marie Anderson,usparks@example.com,Pro,39.99,2025-06-14,2026-04-01,3,397,0
2749,George Zhang,mcdanielrichard@example.org,Pro ,39.99,2025-12-09,2026-04-02,3,219,1
2081,Johnny Williams,robert17@example.org,pro,39.99,2025-09-09,2026-03-11,3,310,1
1830,Amanda Vasquez,adrianjoyce@example.net,Premium ,19.99,2025-04-18,2026-05-17,0,454,0
1119,Cameron Fisher,reesethomas@example.com,Basic ,9.99,2025-07-09,2025-08-18,0,372,1
1656,Jennifer Robinson,kenneth10@example.com,basic,9.99,2025-10-26,2025-12-07,0,263,0
2976,Edward Anderson,derekdougherty@example.org,basic,9.99,2025-01-07,2025-06-09,0,555,1
1635,Jennifer Lewis,ibentley@example.org,Premiun,19.99,2025-12-15,2026-02-02,0,213,0
1369,Daniel Turner,asilva@example.net,BASIC,9.99,2026-06-14,2026-07-14,2,32,0
1268,Jill Myers,michaeljohnson@example.org,Premium,19.99,2025-02-06,2026-06-04,1,525,1
1655,James Pacheco,chavezjohn@example.net,Pro,39.99,2025-12-24,,1,204,1
1935,Amanda Flores,hillmelanie@example.net,Premiun,19.99,2025-06-14,2026-05-08,2,397,1
1822,Thomas Nelson,mary65@example.net,pro,39.99,2024-12-10,2026-04-14,2,583,1
1866,Ricky Edwards,roymcmahon@example.com,PREM,19.99,2024-12-08,2025-08-28,1,585,1
1046,Carolyn Miller,clarence34@example.org,Pro,39.99,2026-01-30,2026-02-23,1,167,0
2373,Brian Shaffer,brendawalker@example.com,basic,9.99,2025-10-23,,1,266,0
2767,Tina Herring,alexis57@example.net,PREM,19.99,2025-02-01,2025-06-19,2,530,0
1991,Cheryl Olsen,gcohen@example.org,Pro,39.99,2024-11-07,2026-02-12,2,616,1
1876,Roger Jacobs,aliciakent@example.com,Premium ,19.99,2025-06-02,2026-01-23,1,409,0
1773,Melissa Lopez,clarkdeborah@example.net,Premium,19.99,2024-12-31,2026-04-18,0,562,0
2219,Sergio Wilson,osimpson@example.net,Premiun,19.99,2025-06-21,2026-04-09,1,390,1
2126,John White,meaganpayne@example.net,Pro,39.99,2025-11-03,2026-06-10,0,255,0
1004,Valerie Gray,maria95@example.net,pro,39.99,2024-11-26,2025-01-06,3,597,1
2003,Ronald Hines,andersonkayla@example.com,Pro ,39.99,2024-10-22,2025-11-22,3,632,0
2783,Michelle Carter,ahernandez@example.org,PREM,19.99,2025-03-28,2025-11-27,0,475,0
1263,Terri Clark,marie16@example.net,BASIC,9.99,2025-06-29,2026-02-25,0,382,0
2622,Julie Martinez,kristen51@example.com,BASIC,9.99,2024-11-15,2026-03-20,4,608,1
2900,Paula Dyer,torrestricia@example.com,Basic,9.99,2025-08-24,2025-10-06,1,326,1
1443,Lynn Hess,nhammond@example.org,premium,19.99,2025-08-05,2026-02-08,0,345,0
2002,Terry Waller,ramseyderrick@example.org,Premium,19.99,2025-09-10,2026-01-04,1,309,0
2077,Brian Lamb,wgibbs@example.org,Pro ,39.99,2024-09-03,2025-11-24,1,681,1
1837,David Rodriguez,susanwall@example.com,Pro ,39.99,2025-07-13,2025-10-08,2,368,1
2853,Melissa Grant,jennifer51@example.com,Premium ,19.99,2025-08-25,2026-05-31,3,325,1
1304,Eric Dixon,terrimoore@example.com,Pro,39.99,2025-04-14,2026-01-29,1,458,1
2365,Vanessa Good,phartman@example.com,pro,39.99,2025-04-14,2025-07-11,1,458,1
2610,Jacqueline Smith,gingram@example.org,pro,39.99,2024-12-09,2025-06-21,0,584,0
1313,Douglas Kirk,christopher70@example.com,PRO,39.99,2024-12-02,2025-10-31,1,591,1
1149,Nancy Jennings,lucasrodney@example.com,Premium,19.99,2024-07-27,2025-03-06,0,719,1
2148,Juan Potts,jennifer10@example.com,Pro ,39.99,2025-07-05,2026-03-06,1,376,0
2213,Ashley Walker,sandersjesse@example.com,Basic ,9.99,2025-06-13,2025-07-26,2,398,0
1574,Lisa Crawford,lvasquez@example.net,PREM,19.99,2024-12-24,2025-06-07,0,569,1
1050,Robert Mcclain,jrivas@example.com,premium,19.99,2026-04-04,2026-06-19,2,103,0
2605,Teresa Clark,xdouglas@example.org,Premium,19.99,2025-04-14,2025-09-19,0,458,1
1726,Matthew Johnson,josephjohnson@example.com,Pro,39.99,2025-10-19,2025-12-05,1,270,0
1833,Todd Davidson,nashmarcus@example.com,BASIC,9.99,2025-01-22,2026-01-24,0,540,1
2377,Robin Fuller,bcaldwell@example.org,Pro,39.99,2025-08-15,2025-08-23,0,335,1
2115,Timothy Wright,ghenderson@example.com,Pro,39.99,2026-04-20,2026-06-10,0,87,0
2166,Destiny Bishop,stephanie72@example.com,Pro,39.99,2026-01-02,2026-02-24,0,195,1
1470,Zachary Chan,elizabeth69@example.org,pro,39.99,2025-07-12,2026-04-09,2,369,1
1971,Stephanie Charles,kellychristina@example.com,Premium,19.99,2025-02-08,2025-04-05,1,523,0
1653,Zachary Vargas PhD,alexis63@example.org,Basic ,9.99,2025-03-01,2025-12-16,0,502,1
1399,Jessica Barber,rreed@example.net,Pro ,39.99,2025-04-10,2026-05-02,1,462,1
1511,Brittney Townsend,ericdavis@example.net,Basic ,9.99,2025-03-08,2026-06-30,0,495,0
1320,Brandy Carrillo,moorefrank@example.com,Premiun,19.99,2025-02-19,2025-04-21,0,512,1
1019,Cindy Anderson,esanchez@example.com,basic,9.99,2024-11-25,2025-01-21,1,598,0
1684,Andrea Reese DDS,ooneill@example.net,PREM,19.99,2025-06-13,2026-03-16,0,398,0
1035,Brittany Anderson,michael05@example.org,Pro,39.99,2025-11-04,2026-04-22,2,254,1
1902,Jerome Reid,michelle71@example.com,pro,39.99,2025-04-19,2025-07-03,2,453,0
2840,Lauren Barr,eroman@example.net,Pro ,39.99,2026-02-10,2026-03-23,1,156,0
1827,Andre Collier,wchambers@example.com,Pro,39.99,2026-02-14,,0,152,1
2860,Miss Carla Hoover,jenniferrodriguez@example.org,Basic,9.99,2025-06-12,2025-11-21,0,399,1
1407,Craig Martinez,ylewis@example.org,Premium ,19.99,2025-11-28,2025-12-22,0,230,1
1920,Teresa Ortega,wbishop@example.com,Premiun,19.99,2026-01-30,,1,167,1
1537,Erica Glass,rodriguezrobert@example.com,Pro,39.99,2025-03-15,2025-08-18,1,488,0
1758,Ronald Keller,rfuller@example.net,premium,19.99,2025-10-18,2026-01-15,2,271,1
2973,Nicole Mejia,timothycannon@example.net,BASIC,9.99,2025-09-10,2025-11-15,2,309,1
2062,Kelly Kim,mckinneydavid@example.org,Pro,39.99,2025-09-30,2026-05-14,0,289,1
2199,Linda Daniels,colin14@example.com,Premium ,19.99,2026-05-24,2026-06-10,0,53,0
1245,Michael Evans,valdezmichele@example.org,Premium ,19.99,2024-09-18,2025-05-28,0,666,1
2416,David Cervantes,tracey63@example.com,pro,39.99,2026-04-18,2026-05-23,0,89,0
2127,Jessica Fields,donaldgarner@example.org,pro,39.99,2024-11-11,2026-02-07,4,612,1
1784,Arthur Jordan,davidwalker@example.com,Basic,9.99,2026-06-10,2026-07-08,0,36,0
2803,Thomas Brewer,daniel15@example.org,BASIC,9.99,2026-05-13,2026-07-07,1,64,0
1489,Richard Kelly,champton@example.org,basic,9.99,2025-04-07,2025-08-18,0,465,0
1154,Cheyenne Gregory,smurray@example.com,basic,9.99,2025-07-02,2025-12-07,0,379,0
1961,Kevin Green,dianethomas@example.net,pro,39.99,2025-12-11,2025-12-22,1,217,1
1853,Jacob Watson,shelleyrowland@example.net,Premium ,19.99,2026-03-24,2026-07-02,2,114,0
2311,Leah Reid,qgay@example.com,basic,9.99,2025-09-08,2026-02-08,0,311,1
1625,Zachary Hammond,jonathan14@example.org,premium,19.99,2025-04-08,2025-09-09,1,464,1
1685,Jose Johnston,francisco02@example.com,Premium,19.99,2025-06-02,2026-03-12,2,409,1
2614,Joann Evans,montoyaelizabeth@example.net,PRO,39.99,2025-01-08,2025-06-04,0,554,1
1569,Kenneth Morrison,samantha01@example.com,pro,39.99,2026-06-10,2026-06-15,0,36,0
2977,Mr. Daniel Anderson,jonesterri@example.com,Basic,9.99,2025-08-23,2026-04-12,1,327,1
1017,Michael Brooks,omartinez@example.org,pro,39.99,2025-03-08,2025-12-24,3,495,1
1127,Kenneth Lewis,gwalker@example.com,PRO,39.99,2026-02-26,2026-04-18,1,140,1
2346,Jake Skinner,anthony05@example.org,pro,39.99,2026-03-29,2026-04-01,1,109,1
2279,Alexandria Peterson,lynn27@example.net,basic,9.99,2025-06-29,2026-01-18,2,382,0
1254,James Ward,smithkyle@example.com,Premium ,19.99,2025-12-29,2026-01-18,1,199,0
1927,Ann Graham,martinsarah@example.com,Premiun,19.99,2026-01-02,2026-02-13,2,195,0
1980,Christina Mccarthy,hayneswayne@example.org,Pro ,39.99,2024-11-24,2026-04-20,0,599,1
1450,Ricky Eaton,shawdon@example.org,Basic,9.99,2024-12-22,,1,571,0
1190,Brandon Long MD,jasongomez@example.org,Pro,39.99,2025-01-27,2025-12-12,2,535,1
2139,Michael Perez DDS,zcervantes@example.org,BASIC,9.99,2024-09-13,2024-09-29,4,671,1
1992,Richard Morales,jamie02@example.net,Pro ,39.99,2024-12-14,2026-01-21,1,579,0
2179,William Johnston,rachelwalter@example.org,PRO,39.99,2024-11-08,2025-07-23,1,615,1
2713,David Brooks,brownelizabeth@example.com,PREM,19.99,2025-11-10,2025-11-14,1,248,0
1606,Stephanie Dominguez,dhanson@example.net,Premium,19.99,2025-05-07,2026-04-28,3,435,1
1180,Maria Cole,david89@example.org,BASIC,9.99,2026-01-03,,0,194,1
1301,Alexandria Ward,david96@example.com,Pro,39.99,2025-08-01,2025-09-30,1,349,0
1496,Sharon Mcdonald,amy28@example.org,PRO,39.99,2025-09-01,2026-01-24,1,318,0
2754,Andrea Miller,shannon88@example.com,Pro ,39.99,2026-05-19,2026-07-01,2,58,0
2828,Curtis Morales Jr.,angelcunningham@example.org,basic,9.99,2025-03-16,,0,487,1
2718,Keith Phillips,ashley32@example.org,Premium ,19.99,2024-09-28,2026-04-01,2,656,1
2692,Tamara Ingram,richardsonangela@example.net,basic,9.99,2025-07-13,2026-05-14,2,368,1
1517,Mary Ryan,rlee@example.com,pro,39.99,2026-01-02,,1,195,1
2396,Katie Russell,michelle90@example.net,Pro ,39.99,2025-12-25,2026-04-23,1,203,1
2069,Erik Odonnell,hectorsmith@example.org,Pro ,39.99,2025-10-19,2026-04-07,1,270,1
1476,Paul Peterson,thomasgomez@example.net,Premium ,19.99,2025-01-19,2026-06-17,2,543,0
1157,Ruth Wilkerson,perryrandy@example.com,BASIC,9.99,2024-12-27,,2,566,1
2243,Pamela Kramer,danastevens@example.net,Pro,39.99,2026-05-06,2026-05-27,0,71,0
2195,Sherry Johnson,sanchezbrenda@example.org,basic,9.99,2025-10-29,2026-01-05,3,260,1
1016,Deborah Brennan,ibrandt@example.net,Premium,19.99,2025-11-09,2026-05-05,0,249,1
2535,Chelsea Wells,llewis@example.com,premium,19.99,2025-08-06,2026-03-09,4,344,1
2072,Garrett Robinson,josepholson@example.org,Pro,39.99,2025-03-15,2025-12-09,0,488,0
1251,Jeffrey Roberson,cassie99@example.com,Premium ,19.99,2026-05-24,2026-06-10,3,53,0
1546,John Garner,reedmichael@example.net,Basic,9.99,2025-02-11,2026-07-13,2,520,0
2539,Katrina Russell,johnboyd@example.com,PRO,39.99,2026-01-07,2026-03-30,0,190,0
1658,John Schultz,cruzhannah@example.net,Premiun,19.99,2024-08-06,2025-06-03,3,709,1
2679,Joseph Tate,gregoryhines@example.net,basic,9.99,2025-09-23,2025-10-05,0,296,1
2019,Jacqueline Miles,woodsbrittney@example.org,basic,9.99,2024-08-05,2025-04-21,3,710,1
2719,Courtney Deleon,jpowell@example.org,Pro,39.99,2025-04-26,2026-03-04,1,446,0
2504,James Johnson,arivas@example.org,Premium ,19.99,2026-05-27,2026-06-24,2,50,0
1959,Roberto Burns,jackie48@example.com,Pro ,39.99,2025-09-13,2026-06-14,2,306,0
2950,Steven Morgan,fcampbell@example.org,Basic ,9.99,2026-01-01,2026-05-19,1,196,1
1283,Cynthia Cochran,michelle96@example.org,Basic ,9.99,2025-09-19,2026-05-12,0,300,1
2632,Michael Kane,coxcody@example.com,PREM,19.99,2026-01-03,2026-03-05,1,194,1
1797,Alexis Hogan,john46@example.net,Premium ,19.99,2024-09-30,2024-11-08,1,654,0
2680,Andrew Hamilton,williamsbrandon@example.net,PREM,19.99,2025-01-13,2025-05-27,3,549,1
1225,Danielle Reed,jacob10@example.net,BASIC,9.99,2025-05-04,2026-04-04,3,438,1
1026,Amy Romero,caseyjones@example.org,basic,9.99,2025-04-23,2026-06-19,6,449,0
2832,William Powell,vgarcia@example.net,pro,39.99,2025-08-31,2026-04-28,1,319,1
1437,Sarah Randolph,enewman@example.com,BASIC,9.99,2025-10-28,2026-01-01,0,261,0
2852,Jessica Gomez,snyderandrea@example.org,Pro ,39.99,2024-11-15,2025-05-06,0,608,1
2388,Vincent Mathews,amassey@example.net,basic,9.99,2025-08-04,2026-02-16,0,346,1
1229,Leslie Moss,conniesimmons@example.com,pro,39.99,2024-08-16,2025-04-13,1,699,1
1037,Allison Doyle,kimberly63@example.com,premium,19.99,2024-11-03,2026-01-11,4,620,1
1749,David Odonnell,smithwilliam@example.com,premium,19.99,2025-02-11,2025-09-04,1,520,0
2045,Jason Lewis,jack01@example.com,PREM,19.99,2025-03-11,,0,492,0
2398,Olivia White,anthonymcfarland@example.net,PREM,19.99,2024-10-06,2024-12-02,1,648,1
1469,Chloe Bowers,christinacraig@example.com,Premiun,19.99,2024-12-29,2024-12-29,1,564,1
2904,Robert Acevedo,tonyaholmes@example.net,Pro,39.99,2026-04-22,2026-06-21,0,85,0
2078,Richard Martinez,haley53@example.com,premium,19.99,2025-08-16,2025-12-01,0,334,0
1687,Catherine Davis,amybrennan@example.net,premium,19.99,2026-01-25,2026-03-12,2,172,0
2909,Jordan Williams,yhill@example.net,Pro ,39.99,2025-10-07,2025-11-30,0,282,1
1639,Laura Taylor,kathrynwatkins@example.com,Premiun,19.99,2024-08-28,2025-03-04,2,687,1
2771,Nicholas Sampson,allenronald@example.com,Pro,39.99,2024-08-16,2026-06-17,2,699,0
2218,Brian Lyons,amartinez@example.org,PRO,39.99,2025-07-13,2025-08-26,1,368,0
2158,Jonathan Johnson,brianna41@example.org,BASIC,9.99,2025-01-26,2025-12-18,1,536,1
2415,Lisa Williams,sharris@example.org,Premium ,19.99,2026-04-23,,1,84,1
2527,Patricia Williams,jeffreyglenn@example.net,Premium ,19.99,2026-02-26,,1,140,0
2711,Daniel Warren,kelly01@example.org,Pro ,39.99,2025-02-12,2025-11-26,2,519,0
2300,Melissa Thomas,michele43@example.org,basic,9.99,2026-03-02,2026-05-20,1,136,1
2887,Michael Neal,wesleyjohns@example.com,PRO,39.99,2026-01-23,2026-07-12,2,174,0
1800,Omar Garcia,mackenzieward@example.org,basic,9.99,2024-10-25,2025-07-19,0,629,1
2603,Kevin Wilson,boltondavid@example.net,pro,39.99,2024-09-04,2026-02-09,0,680,1
1160,Kelsey Rodriguez,john10@example.org,PRO,39.99,2025-05-04,2026-04-16,0,438,0
1956,Christian Riddle,mgray@example.org,Premiun,19.99,2024-09-07,2024-11-30,2,677,0
2186,Kelly Romero,ymitchell@example.com,pro,39.99,2025-12-27,2026-07-06,1,201,0
1821,Jodi Smith,nwoodward@example.com,Pro,39.99,2025-10-15,2025-11-29,0,274,1
2739,Vanessa Bennett,jefferyjones@example.net,Pro ,39.99,2025-07-31,2025-11-15,0,350,0
1877,Donna Ibarra,treed@example.com,pro,39.99,2025-04-14,2026-04-26,1,458,0
1913,Debra Clark,ahale@example.org,basic,9.99,2026-02-06,2026-02-06,1,160,1
1152,Ronald Wise,jenniferwilliams@example.com,Premium,19.99,2025-10-31,2025-12-31,1,258,0
2902,Tracey Page,josephconway@example.net,PREM,19.99,2025-10-12,2026-03-25,0,277,0
2838,Ashley Odonnell,hernandeztodd@example.org,Pro,39.99,2025-06-19,2026-01-28,1,392,0
1509,Mark Gonzalez,boyerjeff@example.org,basic,9.99,2024-12-27,2025-08-29,0,566,0
2135,Andrew Christian,jesseortega@example.com,Pro ,39.99,2026-04-29,2026-06-05,0,78,0
2250,Michael Soto,moorethomas@example.com,PREM,19.99,2025-10-11,2025-11-07,0,278,0
2721,Tommy Ramsey,markbates@example.com,Pro ,39.99,2025-10-13,2026-06-17,1,276,0
1103,Michael Johnson,khill@example.net,Premium ,19.99,2026-01-10,2026-07-11,1,187,1
2445,Tony Blankenship,camposderek@example.com,Pro ,39.99,2025-06-10,2025-12-18,0,401,1
2443,Karen Padilla,kevin82@example.org,basic,9.99,2024-11-06,2025-01-18,0,617,0
2799,Trevor Bautista,davidjohnson@example.net,Basic,9.99,2025-12-23,2026-01-12,0,205,0
1586,Stephen Garcia,andrew43@example.com,pro,39.99,2024-12-02,2025-05-20,1,591,1
2830,Zachary Lara,catherinemoore@example.com,Premium,19.99,2026-04-21,2026-07-02,2,86,0
2696,Michelle Cobb,obrienjames@example.net,Pro ,39.99,2024-09-16,2025-12-13,2,668,0
2143,Ashlee Jimenez,guzmanmark@example.org,basic,9.99,2026-02-09,2026-03-26,2,157,1
1053,Gary Owens,clarkrobert@example.net,basic,9.99,2026-05-08,2026-05-09,0,69,1
1151,Kimberly Rodgers,stanleynancy@example.net,Pro,39.99,2024-10-14,2025-06-12,1,640,1
1403,Joshua Petersen,pamela83@example.net,pro,39.99,2025-10-28,2026-07-03,0,261,0
1584,John Russo,kimberly21@example.net,Basic,9.99,2025-10-31,2025-12-04,0,258,0
1207,Vanessa Moore,mwoods@example.com,Basic ,9.99,2025-02-24,2026-01-17,4,507,1
2963,Laura Day,ccombs@example.com,PREM,19.99,2025-01-01,2025-12-24,1,561,0
2682,Kayla Ewing,donna54@example.org,Pro,39.99,2026-01-15,2026-03-24,3,182,0
2122,Krystal Vaughn,martinezbrenda@example.net,Pro ,39.99,2025-12-14,2025-12-25,4,214,1
2811,Mary Turner,hernandezkristen@example.org,Pro ,39.99,2024-09-23,2025-03-30,0,661,1
1008,Derek Clark,jason76@example.net,Basic ,9.99,2025-06-01,2025-09-17,1,410,0
2014,Mallory Taylor,patrickdunn@example.net,PRO,39.99,2025-07-23,2026-01-29,4,358,1
2859,Marcus Brown,charles19@example.net,premium,19.99,2025-01-04,2026-01-07,2,558,1
2060,Robert Wilkins,matthew96@example.org,Pro,39.99,2025-08-08,2025-12-19,1,342,0
1452,Brian Leonard,kclark@example.net,Premium ,19.99,2026-02-18,2026-02-21,1,148,1
2675,Christopher Hill,anthony00@example.net,Basic,9.99,2025-11-10,2026-06-11,1,248,0
1253,Raymond Phillips,jennifermiller@example.org,Premiun,19.99,2025-04-06,2026-04-06,0,466,1
2327,Cristian Mata,jonathan02@example.org,BASIC,9.99,2025-10-07,2026-02-04,1,282,1
1896,Lisa Brown,victor32@example.com,PREM,19.99,2024-12-05,2024-12-27,0,588,0
2794,Juan Thomas,markcox@example.org,pro,39.99,2026-01-18,2026-06-20,0,179,0
1880,Stephanie Kerr,jriddle@example.org,Basic,9.99,2026-06-11,2026-06-13,2,35,0
2595,Carmen Moore,brittney11@example.org,basic,9.99,2024-09-10,2026-01-20,0,674,1
2957,Thomas Holloway,jonespaul@example.com,PREM,19.99,2025-06-14,2025-07-01,1,397,1
1623,Mary Houston,ericksondavid@example.net,pro,39.99,2024-10-13,2025-12-07,2,641,1
1345,Angela Jackson,emartin@example.net,Premiun,19.99,2026-05-05,2026-07-14,1,72,0
2761,Casey Francis,joseph28@example.com,BASIC,9.99,2025-06-02,2025-11-10,0,409,0
1262,Holly Frederick,brittanygardner@example.net,PREM,19.99,2026-01-03,2026-01-08,0,194,1
2634,Micheal Mcconnell,rebecca41@example.com,premium,19.99,2025-12-23,2025-12-31,1,205,0
2321,Nancy Salinas,ggates@example.org,Basic,9.99,2025-01-01,2025-07-02,1,561,1
2438,Joseph White,njohnson@example.com,Premiun,19.99,2025-08-16,,0,334,1
1150,Gloria Miranda,jeremytaylor@example.org,PRO,39.99,2025-02-07,2026-03-26,3,524,1
1472,Aaron Thompson,hansenwesley@example.com,Pro,39.99,2026-05-08,2026-07-02,3,69,1
1640,Carol Wood,samuelfrost@example.org,premium,19.99,2024-10-16,2026-03-04,0,638,0
1871,John Murphy,tfowler@example.org,PREM,19.99,2024-11-11,2025-12-29,1,612,1
2951,Julie Pierce,jeanette95@example.net,Premium,19.99,2024-08-03,2025-01-14,1,712,1
1550,Michael Mills,russellstout@example.org,Pro,39.99,2025-10-17,2026-03-19,1,272,1
2841,Sarah Sosa,anthonymcdonald@example.net,Pro,39.99,2025-06-02,2026-06-06,1,409,1
1928,John Merritt,wadesandra@example.net,Premiun,19.99,2025-12-04,2025-12-24,0,224,1
1488,Hailey Jenkins,michelle93@example.net,Pro ,39.99,2025-08-22,2026-03-22,3,328,1
2734,Robert Reese,ehardy@example.com,BASIC,9.99,2026-04-22,2026-07-14,1,85,0
2875,Richard Collins,fgrimes@example.com,pro,39.99,2025-03-09,2026-05-23,0,494,1
2171,Frances Russell,thomas49@example.org,premium,19.99,2024-11-04,2024-12-01,1,619,0
1146,Thomas Hughes,erika05@example.org,BASIC,9.99,2025-03-02,2025-12-06,0,501,1
2763,Rachel Greer,michellelee@example.net,BASIC,9.99,2026-04-30,2026-05-26,1,77,1
2999,Taylor Martinez,matthewwood@example.net,premium,19.99,2025-11-15,2025-11-16,0,243,1
1402,Anita Jimenez,david70@example.org,premium,19.99,2025-04-23,,1,449,1
1954,James Mckee,qbryant@example.net,premium,19.99,2025-05-08,2026-03-05,2,434,1
2947,Carol Johnson,samantha54@example.net,premium,19.99,2026-05-04,2026-06-22,1,73,0
1659,Tracy Daniels,kristinmiller@example.com,basic,9.99,2025-12-12,2025-12-23,1,216,1
2372,Sarah Oconnor,danielle56@example.net,PREM,19.99,2026-02-20,2026-07-13,1,146,0
1463,Jessica Diaz,victoria63@example.com,basic,9.99,2025-08-05,2026-02-13,0,345,1
2349,Larry Walsh,thomas42@example.com,premium,19.99,2025-10-17,2026-01-24,2,272,1
1186,Brooke Perry,mharris@example.org,Premium,19.99,2025-02-18,2026-02-21,2,513,1
2147,Amy Snyder,reedchad@example.com,PRO,39.99,2025-09-06,2026-03-16,0,313,0
2224,Linda Jones,michaelsmith@example.org,Basic ,9.99,2025-01-23,2026-04-10,0,539,1
1608,Laura Johnson,carrolljanet@example.org,premium,19.99,2025-08-25,2026-07-03,0,325,0
1143,Savannah Gilbert,jford@example.net,Basic ,9.99,2026-04-03,2026-05-19,0,104,0
1751,Joseph Thomas,edwardstiffany@example.com,PRO,39.99,2026-03-17,2026-06-26,1,121,0
2534,Maxwell Richards,turnerlisa@example.com,premium,19.99,2026-04-20,2026-07-03,1,87,1
1981,Brittany Martinez,mjohnson@example.org,Premium,19.99,2025-05-09,2026-01-30,0,433,0
1197,Veronica Silva,carlsonjoseph@example.net,pro,39.99,2026-01-14,2026-06-05,1,183,0
2633,Kenneth Aguilar,halljoshua@example.net,BASIC,9.99,2025-12-25,2026-06-28,1,203,1
1883,Erin Goodman,fmurray@example.net,basic,9.99,2025-10-17,2026-04-29,0,272,0
1279,Jennifer Larsen,kjackson@example.org,Premium,19.99,2026-01-23,2026-03-02,1,174,1
1293,Mariah Williams,jessica36@example.net,Basic ,9.99,2024-09-16,2024-11-18,0,668,0
2888,Andre Blackburn,kevin54@example.net,BASIC,9.99,2025-06-07,2026-04-01,0,404,1
1400,Victoria Brown,williamharrison@example.com,BASIC,9.99,2026-03-15,2026-03-24,0,123,1
1122,Erika Vang,shawn96@example.org,Pro ,39.99,2026-01-21,2026-02-10,1,176,1
2207,Amanda Smith,masonlacey@example.org,Pro ,39.99,2024-11-01,2025-05-07,1,622,0
1202,Courtney Dudley,kellie37@example.com,PREM,19.99,2025-06-15,2026-01-22,0,396,1
2462,Lindsay Hunter,jeffery45@example.net,PRO,39.99,2024-12-30,2025-01-02,0,563,1
1835,Brad Armstrong,mooneyjeremiah@example.net,BASIC,9.99,2025-05-07,2025-06-08,3,435,1
1246,Amy Smith,christopherbruce@example.net,Basic,9.99,2026-01-15,2026-04-27,2,182,1
2439,William Becker,danielleandrews@example.org,Premiun,19.99,2024-10-28,2025-05-14,1,626,1
2733,Tommy Mcclure,ahines@example.net,BASIC,9.99,2024-10-14,2025-01-09,2,640,0
2814,Patrick Rios,jennifercarroll@example.com,Basic,9.99,2024-10-12,2025-12-31,1,642,0
2970,Carolyn Gomez,boydrenee@example.net,basic,9.99,2024-07-17,2025-04-09,1,729,0
2707,Natasha Stone,wilsondavid@example.org,Pro,39.99,2026-05-03,2026-07-11,0,74,0
2949,Amber Flores,jason25@example.net,basic,9.99,2025-11-07,2026-04-03,4,251,1
2153,Jeffrey Campbell,michael34@example.org,premium,19.99,2025-09-12,2026-02-05,0,307,1
2661,Tammy Burns,lauraclay@example.org,Premium,19.99,2024-09-15,2025-10-09,0,669,0
2426,Travis Wagner,jacklee@example.net,PREM,19.99,2025-12-01,2025-12-06,0,227,0
1384,Jessica Mcdaniel,matthewvalenzuela@example.com,PREM,19.99,2025-12-22,2026-01-24,2,206,1
2855,Joshua Le,cjohnson@example.net,pro,39.99,2025-02-18,2025-03-23,2,513,0
2759,Mason Fleming,migueldominguez@example.org,premium,19.99,2025-10-22,2026-06-10,2,267,0
1854,Charles Glass,jamesgray@example.com,pro,39.99,2025-02-22,2025-09-28,3,509,1
2589,Stephanie Perez,hamiltonjoseph@example.net,Premiun,19.99,2025-02-10,2026-07-01,1,521,0
1219,Ann Dixon,chavezwilliam@example.com,Basic ,9.99,2025-08-13,2026-02-17,1,337,0
1641,Jamie Moore,amiller@example.org,Basic ,9.99,2026-04-24,2026-06-21,0,83,0
1001,Javier Johnson,jesseguzman@example.net,basic,9.99,2024-12-01,2025-12-20,1,592,0
1112,Elizabeth Vasquez,youngamanda@example.com,PRO,39.99,2025-05-28,2026-03-01,0,414,1
1698,Michael Lopez,whitemichael@example.com,Basic,9.99,2025-05-07,2025-12-16,1,435,1
2985,Keith Solis,sheilabarnes@example.org,Pro,39.99,2025-06-30,2025-11-16,3,381,1
1951,Danielle Williams,donna72@example.net,Basic,9.99,2025-06-23,2025-10-22,2,388,0
2648,Brian Mitchell,joshua60@example.com,PREM,19.99,2026-01-15,2026-04-21,4,182,1
2636,John Harrison,richard14@example.org,PRO,39.99,2025-09-01,2026-02-26,0,318,1
2809,Nathan Griffin,dorothy87@example.org,Basic,9.99,2024-11-30,2025-12-04,0,593,1
2410,Eileen Sims,fgraham@example.com,Basic ,9.99,2024-07-31,2024-10-13,2,715,1
2409,Susan Hart,psherman@example.org,BASIC,9.99,2025-01-28,2025-04-10,1,534,0
2533,Crystal Hernandez,juliemyers@example.com,Premium,19.99,2024-08-25,2026-02-19,1,690,0
2291,Larry Fritz,teresaporter@example.org,Pro,39.99,2026-01-28,2026-06-18,3,169,1
2872,Jose Green,carol67@example.org,PRO,39.99,2024-08-18,2025-10-06,2,697,0
1441,Sherry Ford,kim78@example.org,basic,9.99,2024-11-15,2025-11-18,2,608,1
2520,Shannon Reyes,hendersonbrenda@example.com,Premium,19.99,2026-05-10,2026-06-24,2,67,0
2136,Vicki Stokes,danielgilmore@example.net,PRO,39.99,2026-03-31,2026-06-19,1,107,0
2715,David Aguirre,tavila@example.net,Premium,19.99,2025-09-24,2026-03-27,0,295,1
2256,Christopher Parker,joelharris@example.org,premium,19.99,2025-12-03,2026-01-06,2,225,1
2930,James Peck,adam10@example.com,premium,19.99,2026-05-06,,0,71,0
2631,Mrs. Sarah Zavala DVM,charles44@example.com,basic,9.99,2024-07-30,2026-07-02,1,716,1
2695,Michael Foster,lindsayshaffer@example.org,Pro,39.99,2024-09-19,2025-10-22,1,665,0
2397,Andrea Brown,ucross@example.org,pro,39.99,2025-01-05,,2,557,1
1663,Destiny Brown,shaun88@example.org,PREM,19.99,2025-06-09,2026-01-08,0,402,1
2901,Donald Cole,jonhall@example.org,Basic,9.99,2026-03-10,2026-07-14,0,128,0
2257,Patricia Smith,melvinruiz@example.net,pro,39.99,2025-04-16,2025-07-21,2,456,1
2835,Aaron Wright,stewartgeorge@example.com,Pro,39.99,2025-09-15,2026-02-14,1,304,0
2700,Joshua Monroe,sancheznicholas@example.com,Basic ,9.99,2025-10-03,2026-02-22,0,286,0
1317,Zachary Dawson,williamsjesse@example.net,PREM,19.99,2025-04-30,2026-05-30,0,442,1
1648,Mikayla Watkins,robert53@example.org,Premium,19.99,2025-02-28,,4,503,1
2434,Jason Quinn,dfarley@example.com,Pro ,39.99,2025-03-08,2026-01-31,2,495,1
2479,Kara Walker,murphymallory@example.com,Pro,39.99,2025-08-12,2026-05-03,2,338,1
1709,Greg Heath,cisnerosanthony@example.com,pro,39.99,2026-03-23,2026-04-05,0,115,1
2382,Margaret Sherman,josephzimmerman@example.com,Premium ,19.99,2025-03-07,2025-10-10,1,496,0
2282,Jeffrey Forbes,potterjustin@example.net,Pro,39.99,2025-06-23,2025-09-22,0,388,0
2768,Eric Hanson,housedaniel@example.com,premium,19.99,2025-09-07,2025-10-28,2,312,0
1972,Nathan Morales,garciatravis@example.org,Premiun,19.99,2025-07-20,2026-06-09,2,361,0
1627,Joshua Reynolds,gainesjennifer@example.org,premium,19.99,2024-08-08,2024-09-26,2,707,1
1632,Maria Thompson,poncedonna@example.com,pro,39.99,2025-11-14,2026-06-20,2,244,0
2306,Robert Griffin,johnrobles@example.org,PREM,19.99,2025-11-09,2026-04-20,1,249,0
2400,Eric Thompson,fkoch@example.org,PREM,19.99,2024-11-21,2025-07-20,0,602,0
2408,Chelsea Powell,brian79@example.org,Premium,19.99,2026-02-28,2026-03-12,0,138,1
2248,Kathy Gallegos,christopher34@example.org,Premium ,19.99,2025-06-07,2025-06-19,6,404,1
2083,Gail Smith,zdavis@example.com,Basic ,9.99,2025-12-03,2026-02-02,0,225,1
2254,Tammy Tanner,stephaniebradley@example.org,PRO,39.99,2024-10-13,2025-05-14,2,641,1
2496,Michael Lewis,michael03@example.net,Premium,19.99,2026-03-30,2026-06-29,3,108,0
2371,Linda Cox,bcopeland@example.com,Pro,39.99,2024-08-23,2024-11-03,1,692,1
2529,Jon Bauer,hsmith@example.net,basic,9.99,2025-03-29,,1,474,0
2663,Ms. Mary Lee,jimwilliams@example.org,Basic,9.99,2024-11-29,2025-04-02,2,594,1
2354,Sara Young,kmorris@example.com,Pro ,39.99,2025-06-18,2025-10-31,2,393,1
2821,Jon Rocha,yrichardson@example.com,BASIC,9.99,2025-09-24,2026-01-11,3,295,1
2996,Kathryn Johnson,mitchell76@example.net,BASIC,9.99,2025-08-13,2025-11-11,1,337,1
2969,Courtney Walton,whiteryan@example.org,pro,39.99,2024-09-22,2026-03-02,2,662,1
2643,Monique Sutton,tammyhill@example.org,premium,19.99,2025-08-21,,1,329,1
2915,Chloe Barnes,kellytaylor@example.net,Basic ,9.99,2025-12-04,2026-04-09,0,224,1
1795,Jessica Reed,trowe@example.org,Premiun,19.99,2024-08-09,2025-04-02,0,706,1
1645,Ms. Julie Sims,joshualee@example.org,basic,9.99,2025-11-06,2026-07-08,0,252,0
2012,Jeremy Robles,hbriggs@example.net,Premiun,19.99,2025-05-10,2026-03-19,0,432,0
2905,Christy Thomas,velasquezalexis@example.org,Premiun,19.99,2024-11-15,2024-11-16,2,608,0
1556,Andrea Ho,fcamacho@example.net,premium,19.99,2025-02-27,2025-10-15,2,504,1
1681,Christopher Murray,jamescollier@example.com,Premium ,19.99,2025-08-06,2025-08-20,1,344,1
1577,Erica Smith,matthew99@example.org,Premium,19.99,2026-02-17,2026-03-17,0,149,1
2819,Carlos Heath,petersonjose@example.org,Pro ,39.99,2026-02-14,2026-05-29,1,152,0
2109,Kimberly Gaines,josephshelton@example.com,Basic ,9.99,2025-04-14,2025-10-22,2,458,0
2266,Kathryn Norman,megan51@example.org,PREM,19.99,2026-06-01,2026-06-24,2,45,0
2722,Mary Hoffman,hufftina@example.org,Premium ,19.99,2026-04-04,2026-07-11,0,103,0
2183,Jerry Ortiz,byang@example.com,PREM,19.99,2025-12-27,2026-05-16,1,201,0
1524,Jimmy Ortega,jacksonhenry@example.com,PREM,19.99,2025-07-03,2026-03-08,0,378,1
2059,Rebecca Perry,adamstout@example.org,premium,19.99,2024-07-25,2024-11-12,3,721,1
1540,Alexis Benson,torresthomas@example.com,Premium,19.99,2024-12-08,2025-10-18,3,585,1
2194,Michael Mcclain,hamiltonsarah@example.net,Premium ,19.99,2025-02-22,2026-04-26,1,509,1
2678,Maria Goodwin,erik82@example.net,Basic,9.99,2025-10-25,2026-03-16,0,264,0
1748,Daniel Reyes,qfitzgerald@example.org,Basic,9.99,2024-09-19,2024-10-28,3,665,1
2918,Jack Anthony,bmosley@example.net,Basic,9.99,2025-09-04,2025-10-13,0,315,1
2430,Alicia Holloway,ppineda@example.com,Premium,19.99,2025-01-28,2025-12-22,1,534,1
1484,Kenneth Krause,lisale@example.org,pro,39.99,2025-08-07,2026-05-27,1,343,0
2757,Valerie Simpson,jcruz@example.net,BASIC,9.99,2025-08-21,2026-01-11,0,329,1
1095,Ryan Garcia,jsmith@example.com,basic,9.99,2026-03-16,2026-07-12,0,122,0
2020,Billy Carroll,lhernandez@example.com,Basic ,9.99,2025-12-17,2026-05-23,0,211,1
1563,Michelle Martinez,mccarthycynthia@example.org,pro,39.99,2025-07-16,2025-12-03,1,365,0
2264,Jennifer Roman,luisandrews@example.com,Pro ,39.99,2025-11-07,2025-11-09,2,251,0
1742,Laura Smith,leblancdeborah@example.net,Premium,19.99,2024-12-22,2025-02-10,3,571,1
1863,Eric Ochoa,james92@example.net,Basic ,9.99,2025-12-14,2026-06-27,2,214,0
2598,Kevin Mcneil,underwoodjames@example.org,Basic ,9.99,2026-04-03,2026-06-27,4,104,1
2714,Katie Kaiser,prattjustin@example.org,Premiun,19.99,2026-04-30,2026-06-24,0,77,0
2484,Alan Williams,angela52@example.com,PRO,39.99,2026-02-17,2026-04-13,1,149,0
1891,Eugene Price,qrobinson@example.com,PREM,19.99,2025-10-12,2026-01-22,1,277,1
2577,Dawn Ross,nwatson@example.com,Basic ,9.99,2024-10-14,2026-06-20,1,640,0
2881,Mrs. Susan Christian,amanda86@example.org,Premium,19.99,2024-07-19,2026-05-07,0,727,1
2038,Katie Baker,oliverdawn@example.net,pro,39.99,2026-01-19,2026-05-23,2,178,1
1206,Margaret Williams,erivera@example.org,Basic ,9.99,2025-11-03,2025-12-08,2,255,1
1392,Angela Cummings,dawn74@example.com,Premium,19.99,2025-06-04,,1,407,1
1794,Douglas Rose,isabellagriffin@example.org,Basic,9.99,2026-03-28,2026-06-04,1,110,0
1870,Susan Berry,nbaird@example.com,PREM,19.99,2024-08-28,,0,687,0
1397,Mr. Jeffrey Carr,cheryl27@example.com,Pro,39.99,2024-10-02,2025-06-27,2,652,1
1766,Robert Evans,gabrielleevans@example.org,Pro,39.99,2025-07-16,2025-10-31,3,365,1
2907,Tamara Rhodes,jmartinez@example.org,basic,9.99,2026-02-07,2026-03-09,1,159,0
2241,Mark Wilkinson,collinsann@example.org,basic,9.99,2025-03-11,2025-12-15,3,492,1
2028,William Webb,edwardssherry@example.org,PREM,19.99,2026-06-01,2026-07-04,1,45,0
2792,Mary Levy,nguyengerald@example.net,Basic,9.99,2026-05-14,2026-07-10,0,63,0
1642,Diane Steele,nschwartz@example.org,Premium ,19.99,2025-10-05,2026-03-02,1,284,0
2960,Garrett Robinson,maria17@example.org,PRO,39.99,2026-06-04,2026-06-17,0,42,0
1612,Mark Lane,douglaskelly@example.net,PRO,39.99,2025-09-25,2025-12-18,1,294,1
2762,Ronald Carr,daniellewalters@example.org,Premiun,19.99,2025-11-05,2026-05-11,1,253,1
1960,Travis Price,linda88@example.net,Premium ,19.99,2026-03-24,,2,114,0
2570,Jonathan Brown,garyharrison@example.org,PREM,19.99,2024-12-31,2025-12-08,0,562,0
1725,Kyle Sullivan,hernandezanthony@example.com,Basic ,9.99,2025-06-04,2026-01-17,0,407,1
2982,Joshua Anderson,suttondenise@example.net,Premium,19.99,2024-09-15,2025-12-15,3,669,1
1683,Mallory Martinez,robert73@example.org,basic,9.99,2024-10-06,2025-04-03,1,648,0
1098,Jessica Garcia,wallaceheather@example.org,PREM,19.99,2024-08-16,2026-02-23,1,699,1
1804,Joy Johnson,sherrywood@example.org,PRO,39.99,2025-09-09,2026-01-13,1,310,1
2751,Kimberly Maldonado,russelllynch@example.com,PRO,39.99,2026-01-14,2026-06-21,1,183,0
2597,Meghan Hull,elizabeth10@example.org,Pro ,39.99,2026-04-01,2026-05-05,0,106,0
1406,Joseph Park,princetravis@example.net,Basic,9.99,2025-12-16,2026-03-12,0,212,1
1502,Patrick Lamb,elopez@example.org,pro,39.99,2024-10-18,2024-12-27,1,636,0
2071,Bryan Obrien,holmeskathleen@example.org,PREM,19.99,2026-03-13,2026-03-27,4,125,1
2056,Kimberly Schultz,contrerasmelissa@example.org,premium,19.99,2024-12-18,2025-09-05,1,575,0
1929,Shelby Huynh,schneidernicholas@example.net,Premium,19.99,2025-12-17,2026-05-18,0,211,0
1779,Alisha Roberts,taylorkim@example.net,Basic,9.99,2024-12-15,2026-05-24,0,578,0
2863,Andre Lee,joshua96@example.com,Pro,39.99,2026-02-26,2026-05-02,1,140,0
1200,Tami Salas,thorntonapril@example.net,Premiun,19.99,2025-02-27,2026-01-26,0,504,1
1134,Chad Scott,david76@example.org,Pro,39.99,2024-10-13,2025-09-19,0,641,0
2051,Corey Frazier,woodmichael@example.com,basic,9.99,2026-04-03,2026-05-25,1,104,1
1040,Erin Johnson,gregory40@example.org,pro,39.99,2025-09-05,2025-12-22,0,314,0
2017,Samuel Delacruz,kenneththomas@example.net,pro,39.99,2026-05-26,2026-07-11,0,51,0
1230,Jane Warren,trussell@example.com,Premium,19.99,2024-11-20,2025-10-10,4,603,1
2513,Timothy Ortega,jodisutton@example.com,Pro,39.99,2025-06-22,2025-10-26,3,389,1
2796,James Wright,duncanjose@example.com,premium,19.99,2025-08-23,2026-06-30,2,327,0
1378,Anthony Dickerson,victoriacooper@example.net,Pro ,39.99,2026-03-31,2026-07-14,2,107,0
1288,Sherry Gibson,amurphy@example.net,BASIC,9.99,2024-09-18,2026-06-27,2,666,0
1418,Jasmine Frye,tammy00@example.net,Pro,39.99,2025-01-06,2025-12-17,0,556,0
2698,Pam Crawford,victoria17@example.net,Premiun,19.99,2026-03-07,2026-06-17,2,131,0
1391,Erin Smith,meadowsmary@example.net,Pro ,39.99,2025-06-25,2026-06-26,1,386,0
1592,Michelle Marshall,staceythomas@example.net,Basic,9.99,2025-01-11,2025-07-30,1,551,1
2522,Anna James,john70@example.com,Basic ,9.99,2025-02-16,2026-03-23,1,515,0
2162,Kimberly Coleman DDS,francisco67@example.net,Premiun,19.99,2026-06-09,2026-06-17,2,37,0
2086,Frank Watts,fperez@example.org,Premiun,19.99,2025-12-03,2026-06-03,3,225,0
2495,Brian Hughes,newtonmorgan@example.org,pro,39.99,2025-12-28,2026-05-24,2,200,0
1647,Olivia Williams,buckleygregory@example.org,Pro ,39.99,2025-06-19,2025-08-03,2,392,1
2152,Jason Goodwin,ritteralexis@example.net,Premium ,19.99,2025-01-05,2025-02-05,3,557,1
2367,Jeremy Chambers,alex18@example.com,Pro ,39.99,2025-07-16,2026-04-23,1,365,0
1520,Dawn Diaz,smithsamantha@example.net,Basic ,9.99,2025-06-23,2026-06-03,0,388,0
2862,Christopher Knox,karen72@example.com,PRO,39.99,2024-10-10,2024-12-11,2,644,0
2880,Emily Taylor,christina60@example.org,Premium ,19.99,2024-09-08,2025-03-16,3,676,1
1064,Madison Poole,ryangross@example.net,Pro ,39.99,2025-01-20,2026-04-03,2,542,0
2836,Elizabeth Greer,znoble@example.net,Premium,19.99,2025-07-20,2026-01-13,1,361,1
1014,Linda Burns,hickmannatasha@example.com,Basic,9.99,2024-12-29,2025-05-13,2,564,1
2180,Michelle Harrison,martinezaustin@example.com,Pro,39.99,2024-07-31,2024-11-27,1,715,0
2064,Brittany Montgomery,armstronganthony@example.net,pro,39.99,2024-10-14,2025-07-31,1,640,0
1492,Nicole Meyer,lgutierrez@example.org,PREM,19.99,2024-10-10,2025-03-10,2,644,1
1379,Scott White,freemancrystal@example.org,pro,39.99,2025-02-19,2025-03-20,1,512,1
1187,Shannon Hester,kathleenrobertson@example.org,Premium ,19.99,2025-02-23,2025-10-17,2,508,0
1763,Jacob Gonzalez,emcclure@example.com,Basic ,9.99,2025-08-13,2026-01-02,0,337,1
1216,Christian Adkins,robert87@example.net,Pro ,39.99,2026-01-27,2026-06-16,2,170,0
2945,Mary Greene,corymiller@example.org,Premiun,19.99,2025-06-03,2025-12-27,0,408,1
1791,Stephanie Crane,sherry72@example.org,PRO,39.99,2025-11-29,2026-03-27,2,229,0
2076,Christopher Johnson,brenda49@example.net,pro,39.99,2026-05-11,2026-06-15,1,66,0
1878,Jennifer White,qellis@example.org,premium,19.99,2025-11-15,2025-12-08,1,243,1
1337,Shannon Yu,janet69@example.org,PRO,39.99,2025-03-07,2025-08-14,0,496,0
2772,Ryan Terry,campbellkayla@example.org,Pro ,39.99,2024-08-08,2025-04-15,2,707,0
1719,Regina Weber,robbinsbelinda@example.net,premium,19.99,2025-03-07,2025-04-09,1,496,1
2748,Carolyn Walker,mark21@example.com,Basic,9.99,2025-11-02,2026-04-19,0,256,1
1295,Carlos Jones,zdavis@example.org,Basic ,9.99,2024-09-25,2025-05-25,1,659,1
2725,Claire Hoffman,rgarcia@example.org,Basic,9.99,2026-01-02,2026-06-08,2,195,0
2016,Isaiah Harris,coxthomas@example.org,PRO,39.99,2026-04-20,2026-04-25,0,87,1
2275,Lisa Ryan PhD,brooksthomas@example.com,PRO,39.99,2025-01-23,2026-01-29,0,539,1
2750,Carrie Holden,marksanders@example.com,BASIC,9.99,2025-12-25,2026-07-06,0,203,0
2485,Jeffrey Nguyen,markhuff@example.org,Basic ,9.99,2025-10-08,2026-01-07,1,281,0
1455,Kaitlin Olson,mariaburke@example.net,basic,9.99,2026-02-09,2026-03-09,1,157,1
2182,Barbara Merritt,brittany91@example.net,Pro,39.99,2024-08-15,2026-01-14,0,700,1
1815,Dominique White,moorestephanie@example.net,Basic ,9.99,2024-11-10,2025-11-21,1,613,0
2886,Kim Murray,terri25@example.com,Premiun,19.99,2026-05-09,2026-05-20,1,68,1
1269,Ronald Cross,larry73@example.net,Pro,39.99,2025-06-18,2025-12-22,2,393,0
1995,Danielle Colon,smithmichael@example.net,Premiun,19.99,2026-05-26,2026-06-11,5,51,0
1201,Emily Thompson,amy49@example.com,Premiun,19.99,2024-11-26,2025-04-22,2,597,1
1161,Brian Stein,chenbailey@example.net,Premiun,19.99,2024-10-23,2025-07-20,1,631,0
2579,Angela Carter,ewilliams@example.org,Basic ,9.99,2025-03-18,2025-06-19,3,485,1
1729,Barbara Beck,tyler13@example.net,Premium,19.99,2024-10-08,,2,646,1
1401,David Cordova Jr.,andreagray@example.org,Pro,39.99,2024-09-08,2025-07-05,3,676,1
1702,Michael Powers,qkim@example.net,pro,39.99,2024-09-12,2024-12-17,2,672,1
2500,Jacob Brewer,xharmon@example.org,PREM,19.99,2025-01-26,2026-01-11,2,536,0
2845,Lori Oconnell,ochoamelissa@example.net,Basic ,9.99,2026-04-25,2026-07-07,3,82,1
2795,Erica Case,robert77@example.net,Premiun,19.99,2025-12-17,2026-03-31,0,211,0
2129,Julie Li,anthonybryant@example.net,basic,9.99,2025-04-13,2026-01-04,1,459,0
1565,Brittany Melton,kaylawilliams@example.com,Basic ,9.99,2025-02-16,2026-03-18,1,515,1
2413,Guy Medina,hrodgers@example.org,premium,19.99,2025-07-06,2026-03-18,2,375,1
2021,Elizabeth Jenkins,scott04@example.org,BASIC,9.99,2024-11-01,,2,622,1
2025,Michael Woods,kwilcox@example.org,basic,9.99,2026-01-28,2026-05-17,1,169,0
2411,Lisa Torres,kelli08@example.org,PREM,19.99,2024-11-23,2025-01-15,0,600,1
2895,David Torres,hodgemichelle@example.net,Pro ,39.99,2025-12-15,2026-04-03,0,213,1
2585,Jason Lee,ronaldcarroll@example.org,pro,39.99,2024-07-15,2024-09-01,1,731,0
2955,Gabrielle Gilbert DVM,michael35@example.net,Premium,19.99,2025-08-15,2025-10-03,0,335,1
2104,Alan Frazier,mary88@example.org,Premium ,19.99,2025-12-25,2026-05-31,0,203,0
1205,Taylor Horton,danielyang@example.org,Premium ,19.99,2024-12-31,2026-01-11,0,562,0
1034,Michael Hoffman,jonesnicole@example.org,basic,9.99,2025-07-31,2026-05-19,1,350,1
2966,Scott Valencia,jacksonjillian@example.com,Pro,39.99,2025-02-18,2025-09-08,1,513,0
1775,Jill Washington,heathbrenda@example.org,Basic,9.99,2025-02-06,2026-04-17,1,525,0
1508,Vickie Kennedy,sharon20@example.net,PREM,19.99,2026-05-02,2026-06-10,0,75,0
2451,Don Carney,vhopkins@example.net,Pro ,39.99,2024-08-05,2026-04-16,1,710,0
2478,Monica Jones,ywaters@example.com,Pro,39.99,2025-11-25,2026-02-17,1,233,0
2927,Colleen Padilla,robert07@example.org,Basic,9.99,2024-12-09,2025-02-26,1,584,1
2390,Steven Giles,amber12@example.com,PRO,39.99,2026-03-08,2026-07-14,0,130,0
1091,Jennifer Villa,lori44@example.net,basic,9.99,2025-08-24,2026-03-27,0,326,0
2363,Steven Stanton,imcdonald@example.net,basic,9.99,2026-05-02,2026-05-02,2,75,0
1897,Linda Bautista,dennis50@example.net,PREM,19.99,2026-01-20,2026-04-03,0,177,1
1564,Kayla Herring,cpierce@example.org,Pro ,39.99,2026-04-14,2026-06-05,2,93,0
2369,Gloria Nelson,jamespatricia@example.org,BASIC,9.99,2025-09-26,2026-01-28,1,293,0
1776,Gene Garcia,fpetty@example.net,Pro,39.99,2025-08-24,2026-04-19,1,326,0
1241,Jennifer Kirby,carloshernandez@example.org,Basic,9.99,2025-07-04,2025-11-21,2,377,1
1013,Ashley Garrett,ericfarmer@example.net,pro,39.99,2026-05-13,2026-07-11,1,64,0
1315,Brittany Randolph,hallmichael@example.net,Pro,39.99,2026-03-21,2026-07-10,1,117,0
1600,Christina Maldonado,kevin46@example.net,Premium ,19.99,2026-06-02,2026-06-17,0,44,0
1387,Brian Huff,norrisrobert@example.com,BASIC,9.99,2024-10-09,2025-03-21,1,645,1
2297,Martin Jones,wgoodwin@example.com,pro,39.99,2025-03-11,2026-02-13,1,492,0
1166,Terri Johnson,bradleygonzalez@example.org,BASIC,9.99,2025-02-20,2025-07-28,0,511,1
1840,Michael Hansen,melissa61@example.net,Basic,9.99,2025-12-23,2026-02-08,2,205,1
1020,Jeff Owens,nuneztracey@example.org,PREM,19.99,2024-08-26,2026-01-09,0,689,0
1646,Christopher Santiago,brownmichael@example.org,Pro,39.99,2025-05-15,2025-10-04,0,427,0
2842,Ashley Jenkins,donnahopkins@example.net,Pro ,39.99,2026-01-28,2026-05-14,1,169,0
2508,Matthew Watson,malikfowler@example.com,BASIC,9.99,2024-11-13,2025-07-16,1,610,0
2154,Billy Wright,troymoss@example.com,PRO,39.99,2026-04-04,2026-07-01,3,103,0
2528,Jeremy Haynes,garciadonald@example.net,Premiun,19.99,2026-05-31,2026-06-27,3,46,0
1831,Kathleen Arnold,cameronanderson@example.org,Basic ,9.99,2024-10-12,2026-06-03,1,642,0
2267,Michael Hernandez,stacy94@example.org,PRO,39.99,2025-07-10,2026-02-22,1,371,0
2590,Amber Vargas PhD,daniel28@example.org,pro,39.99,2026-02-26,2026-03-28,4,140,1
2899,Bridget Bryant,morgan69@example.net,basic,9.99,2025-08-24,2026-07-12,1,326,0
1562,Alexander Chavez,nicoledavis@example.com,Pro ,39.99,2025-11-11,2026-06-23,2,247,0
2981,William Brown,sarahgonzales@example.com,pro,39.99,2025-03-21,2026-05-30,1,482,0
1686,Anthony Ward,brandon48@example.net,PRO,39.99,2026-05-01,2026-06-09,1,76,0
1957,Joshua Jones,coxmatthew@example.com,basic,9.99,2024-10-25,2026-03-11,2,629,1
1189,Taylor Griffith,kathrynjimenez@example.net,Pro ,39.99,2025-06-06,2026-05-28,3,405,1
2806,Jason Harrison,gloriaporter@example.net,BASIC,9.99,2026-05-23,2026-05-30,2,54,1
1975,Christina Lopez,andersonrobert@example.com,Pro,39.99,2026-04-06,2026-04-22,1,101,1
1699,Philip Edwards,irodriguez@example.com,PRO,39.99,2025-12-30,2026-05-18,0,198,0
2499,Anthony Smith,sarah47@example.com,pro,39.99,2025-12-07,2026-07-07,0,221,0
2705,Billy Scott,dominguezmeredith@example.com,PREM,19.99,2024-10-14,2025-09-22,1,640,0
1510,Robert Richards,amccormick@example.org,basic,9.99,2025-08-25,2026-04-06,0,325,0
2082,Alex Smith,buckjustin@example.com,basic,9.99,2024-08-09,2025-08-20,1,706,0
1474,Judy Murray,olsonjonathan@example.com,basic,9.99,2025-10-01,2026-07-14,2,288,0
2584,Philip Gonzalez,ohill@example.org,Premium ,19.99,2024-08-14,2024-08-22,2,701,0
1856,Shelley York,fclark@example.com,pro,39.99,2026-01-19,2026-05-08,0,178,0
1747,Jerry Wright,emiller@example.org,Pro,39.99,2026-03-17,2026-07-12,2,121,0
1252,Rachel Hayes,michaelpugh@example.com,PRO,39.99,2024-11-22,2025-11-09,0,601,1
1021,Ashley Lee,ltaylor@example.com,PRO,39.99,2025-06-03,2026-05-25,1,408,1
2337,Terry Martinez,vjohnson@example.net,pro,39.99,2024-12-08,2025-01-05,2,585,1
1459,Meghan Reynolds,cwood@example.net,BASIC,9.99,2025-07-20,2025-10-10,1,361,1
2184,Misty Lawrence,hernandezalan@example.net,PREM,19.99,2025-03-30,,1,473,1
1276,Emily Allen,whiteheather@example.net,pro,39.99,2025-04-12,2026-01-11,0,460,1
1955,Andrea Oconnor,jenniferelliott@example.net,PREM,19.99,2026-02-09,2026-05-14,1,157,0
2215,Ryan Mills,briansnyder@example.com,Premiun,19.99,2025-02-18,2025-08-10,2,513,0
1385,Robin Smith,jessicaanderson@example.net,Premium ,19.99,2024-07-30,2025-07-26,1,716,1
1805,Kenneth Williams,davidtorres@example.com,PRO,39.99,2025-02-12,2025-10-22,1,519,0
2437,Jodi Conway,nwilliams@example.com,PRO,39.99,2025-08-05,2025-09-28,1,345,0
2515,Martin Chavez,jenniferbarry@example.net,basic,9.99,2026-01-25,2026-04-20,3,172,1
1343,Michelle Williams,koconnor@example.com,basic,9.99,2025-06-25,2025-11-18,2,386,0
1769,Jason Bush,brenda77@example.net,Premiun,19.99,2026-01-31,2026-03-28,1,166,0
2685,Joseph Zamora,greenjessica@example.net,Basic,9.99,2024-11-16,2026-06-14,0,607,0
1130,Amanda Reese,nicholaschavez@example.org,Pro,39.99,2025-03-31,2026-03-06,0,472,1
2482,Charles Johnson,dmiller@example.org,Premium ,19.99,2025-05-23,2025-10-30,0,419,1
1330,Joshua Washington,paul20@example.com,Pro ,39.99,2025-09-05,2025-09-14,0,314,1
2238,Samuel Rios,cookemily@example.com,basic,9.99,2026-04-04,2026-04-21,1,103,0
1466,James Fields,morrowthomas@example.net,PRO,39.99,2025-05-15,,3,427,1
2638,Samantha Fleming,veronicasmith@example.net,Pro ,39.99,2026-03-19,2026-05-26,1,119,1
2095,Joel Rodriguez,allenpatricia@example.org,Premium ,19.99,2025-01-17,2025-10-03,1,545,1
2130,Matthew Sandoval,wwilliams@example.org,basic,9.99,2025-06-07,2026-03-26,1,404,0
2294,Allison Castillo,carterraymond@example.net,basic,9.99,2026-01-04,2026-03-15,3,193,1
1860,Andrew Hunt,ronald76@example.com,PRO,39.99,2025-03-29,2025-11-19,0,474,0
